target_group,target_code,full_screened_positive_n,no_ocr_record_positive_n,ocr_linked_candidate_positive_n,joined_ocr_positive_n,markdown_exclusive_candidate_positive_n,cross_modality_only_candidate_positive_n
aml_candidate,bank_log_plus_email_access,15,0,15,14,1,0
aml_candidate,crypto_to_bank_cashout,34,0,34,28,5,1
aml_candidate,domestic_account_preference,117,1,116,111,5,0
aml_candidate,escrow_or_exit_scam_risk,101,3,98,97,1,0
aml_candidate,mule_or_account_holder_recruitment,8,0,8,7,1,0
aml_candidate,telegram_sales_or_proof,21,0,21,18,3,0
typology,bank_drop_sale,116,4,112,106,6,0
typology,bank_log_sale,178,3,175,170,5,0
typology,cashout_laundering_service,118,0,118,106,12,0
typology,crypto_payment_or_conversion,126,4,122,110,12,0
typology,email_access_takeover,62,0,62,55,7,0
typology,escrow_trust_reputation,121,4,117,113,4,0
typology,fullz_identity_package,124,4,120,106,14,0
typology,jurisdiction_localisation,117,1,116,111,5,0
typology,market_access_limitation,5,2,3,3,0,0
typology,mule_recruitment,9,0,9,8,1,0
typology,telegram_off_platform,82,0,82,71,11,0
typology,tutorial_training_recruitment,104,0,104,90,14,0
