code,image_hash_n,image_hash_positive_n,unique_exact_ocr_text_n,unique_exact_ocr_text_positive_n,base_percent,exact_ocr_dedup_percent
bank_log_sale,1037,343,1035,343,33.08,33.14
bank_drop_sale,1037,213,1035,213,20.54,20.58
fullz_identity_package,1037,184,1035,184,17.74,17.78
email_access_takeover,1037,84,1035,84,8.10,8.12
mule_recruitment,1037,10,1035,10,0.96,0.97
cashout_laundering_service,1037,178,1035,177,17.16,17.10
crypto_payment_or_conversion,1037,183,1035,183,17.65,17.68
telegram_off_platform,1037,121,1035,121,11.67,11.69
escrow_trust_reputation,1037,229,1035,229,22.08,22.13
tutorial_training_recruitment,1037,156,1035,156,15.04,15.07
jurisdiction_localisation,1037,199,1035,199,19.19,19.23
vulnerable_group_exploitation,1037,0,1035,0,0.00,0.00
bank_log_plus_email_access,1037,19,1035,19,1.83,1.84
domestic_account_preference,1037,199,1035,199,19.19,19.23
telegram_sales_or_proof,1037,26,1035,26,2.51,2.51
crypto_to_bank_cashout,1037,38,1035,38,3.66,3.67
escrow_or_exit_scam_risk,1037,205,1035,205,19.77,19.81
mule_or_account_holder_recruitment,1037,9,1035,9,0.87,0.87
market_access_limitation,1037,2,1035,1,0.19,0.10
