code,omitted_group_count,minimum_remaining_percent,maximum_remaining_percent
bank_drop_sale,15,15.95,22.76
bank_log_plus_email_access,15,1.37,2.07
bank_log_sale,15,29.54,37.00
cashout_laundering_service,15,12.51,18.84
crypto_payment_or_conversion,15,13.95,19.05
crypto_to_bank_cashout,15,2.26,4.09
domestic_account_preference,15,11.56,21.47
email_access_takeover,15,5.35,9.14
escrow_or_exit_scam_risk,15,12.38,22.11
escrow_trust_reputation,15,14.85,24.68
fullz_identity_package,15,16.40,19.13
jurisdiction_localisation,15,11.56,21.47
market_access_limitation,15,0.00,0.23
mule_or_account_holder_recruitment,15,0.54,0.98
mule_recruitment,15,0.65,1.08
telegram_off_platform,15,8.71,13.04
telegram_sales_or_proof,15,1.30,2.80
tutorial_training_recruitment,15,12.87,16.76
vulnerable_group_exploitation,15,0.00,0.00
