code,linked_note_n,old_note_plus_ocr_positive_n,note_joined_ocr_positive_n,any_single_image_ocr_positive_n,old_positive_without_single_image_positive_n,joined_ocr_positive_without_single_image_positive_n
bank_log_sale,391,175,170,170,5,0
bank_drop_sale,391,112,106,106,6,0
fullz_identity_package,391,120,106,106,14,0
email_access_takeover,391,62,55,55,7,0
mule_recruitment,391,9,8,8,1,0
cashout_laundering_service,391,118,106,106,12,0
crypto_payment_or_conversion,391,122,110,110,12,0
telegram_off_platform,391,82,71,71,11,0
escrow_trust_reputation,391,117,113,113,4,0
tutorial_training_recruitment,391,104,90,90,14,0
jurisdiction_localisation,391,116,111,111,5,0
vulnerable_group_exploitation,391,0,0,0,0,0
bank_log_plus_email_access,391,15,14,14,1,0
domestic_account_preference,391,116,111,111,5,0
telegram_sales_or_proof,391,21,18,17,4,1
crypto_to_bank_cashout,391,34,28,25,9,3
escrow_or_exit_scam_risk,391,98,97,97,1,0
mule_or_account_holder_recruitment,391,8,7,7,1,0
market_access_limitation,391,3,3,3,0,0
