code,all_images,all_positive_images,at_least_30_ocr_words_images,at_least_30_ocr_words_positive
bank_log_sale,1037,343,1031,342
bank_drop_sale,1037,213,1031,213
fullz_identity_package,1037,184,1031,184
email_access_takeover,1037,84,1031,84
mule_recruitment,1037,10,1031,10
cashout_laundering_service,1037,178,1031,178
crypto_payment_or_conversion,1037,183,1031,183
telegram_off_platform,1037,121,1031,121
escrow_trust_reputation,1037,229,1031,229
tutorial_training_recruitment,1037,156,1031,156
jurisdiction_localisation,1037,199,1031,199
vulnerable_group_exploitation,1037,0,1031,0
bank_log_plus_email_access,1037,19,1031,19
domestic_account_preference,1037,199,1031,199
telegram_sales_or_proof,1037,26,1031,26
crypto_to_bank_cashout,1037,38,1031,38
escrow_or_exit_scam_risk,1037,205,1031,205
mule_or_account_holder_recruitment,1037,9,1031,9
market_access_limitation,1037,2,1031,2
