code_a,code_b,positive_a,positive_b,both,same_binary_vector,a_subset_b,b_subset_a,jaccard
bank_log_sale,bank_drop_sale,343,213,91,0,0,0,0.1957
bank_log_sale,fullz_identity_package,343,184,50,0,0,0,0.1048
bank_log_sale,email_access_takeover,343,84,67,0,0,0,0.1861
bank_log_sale,mule_recruitment,343,10,3,0,0,0,0.0086
bank_log_sale,cashout_laundering_service,343,178,73,0,0,0,0.1629
bank_log_sale,crypto_payment_or_conversion,343,183,92,0,0,0,0.2120
bank_log_sale,telegram_off_platform,343,121,16,0,0,0,0.0357
bank_log_sale,escrow_trust_reputation,343,229,62,0,0,0,0.1216
bank_log_sale,tutorial_training_recruitment,343,156,61,0,0,0,0.1393
bank_log_sale,jurisdiction_localisation,343,199,91,0,0,0,0.2018
bank_log_sale,bank_log_plus_email_access,343,19,19,0,0,1,0.0554
bank_log_sale,domestic_account_preference,343,199,91,0,0,0,0.2018
bank_log_sale,telegram_sales_or_proof,343,26,4,0,0,0,0.0110
bank_log_sale,crypto_to_bank_cashout,343,38,25,0,0,0,0.0702
bank_log_sale,escrow_or_exit_scam_risk,343,205,55,0,0,0,0.1116
bank_log_sale,mule_or_account_holder_recruitment,343,9,3,0,0,0,0.0086
bank_drop_sale,fullz_identity_package,213,184,66,0,0,0,0.1994
bank_drop_sale,email_access_takeover,213,84,18,0,0,0,0.0645
bank_drop_sale,mule_recruitment,213,10,2,0,0,0,0.0090
bank_drop_sale,cashout_laundering_service,213,178,24,0,0,0,0.0654
bank_drop_sale,crypto_payment_or_conversion,213,183,30,0,0,0,0.0820
bank_drop_sale,telegram_off_platform,213,121,10,0,0,0,0.0309
bank_drop_sale,escrow_trust_reputation,213,229,38,0,0,0,0.0941
bank_drop_sale,tutorial_training_recruitment,213,156,35,0,0,0,0.1048
bank_drop_sale,jurisdiction_localisation,213,199,76,0,0,0,0.2262
bank_drop_sale,bank_log_plus_email_access,213,19,2,0,0,0,0.0087
bank_drop_sale,domestic_account_preference,213,199,76,0,0,0,0.2262
bank_drop_sale,telegram_sales_or_proof,213,26,1,0,0,0,0.0042
bank_drop_sale,crypto_to_bank_cashout,213,38,4,0,0,0,0.0162
bank_drop_sale,escrow_or_exit_scam_risk,213,205,36,0,0,0,0.0942
bank_drop_sale,mule_or_account_holder_recruitment,213,9,2,0,0,0,0.0091
fullz_identity_package,email_access_takeover,184,84,10,0,0,0,0.0388
fullz_identity_package,mule_recruitment,184,10,2,0,0,0,0.0104
fullz_identity_package,cashout_laundering_service,184,178,23,0,0,0,0.0678
fullz_identity_package,crypto_payment_or_conversion,184,183,28,0,0,0,0.0826
fullz_identity_package,telegram_off_platform,184,121,20,0,0,0,0.0702
fullz_identity_package,escrow_trust_reputation,184,229,32,0,0,0,0.0840
fullz_identity_package,tutorial_training_recruitment,184,156,24,0,0,0,0.0759
fullz_identity_package,jurisdiction_localisation,184,199,32,0,0,0,0.0912
fullz_identity_package,bank_log_plus_email_access,184,19,1,0,0,0,0.0050
fullz_identity_package,domestic_account_preference,184,199,32,0,0,0,0.0912
fullz_identity_package,telegram_sales_or_proof,184,26,7,0,0,0,0.0345
fullz_identity_package,crypto_to_bank_cashout,184,38,5,0,0,0,0.0230
fullz_identity_package,escrow_or_exit_scam_risk,184,205,28,0,0,0,0.0776
fullz_identity_package,mule_or_account_holder_recruitment,184,9,2,0,0,0,0.0105
email_access_takeover,cashout_laundering_service,84,178,5,0,0,0,0.0195
email_access_takeover,crypto_payment_or_conversion,84,183,9,0,0,0,0.0349
email_access_takeover,telegram_off_platform,84,121,6,0,0,0,0.0302
email_access_takeover,escrow_trust_reputation,84,229,6,0,0,0,0.0195
email_access_takeover,tutorial_training_recruitment,84,156,16,0,0,0,0.0714
email_access_takeover,jurisdiction_localisation,84,199,44,0,0,0,0.1841
email_access_takeover,bank_log_plus_email_access,84,19,19,0,0,1,0.2262
email_access_takeover,domestic_account_preference,84,199,44,0,0,0,0.1841
email_access_takeover,telegram_sales_or_proof,84,26,2,0,0,0,0.0185
email_access_takeover,crypto_to_bank_cashout,84,38,2,0,0,0,0.0167
email_access_takeover,escrow_or_exit_scam_risk,84,205,5,0,0,0,0.0176
mule_recruitment,cashout_laundering_service,10,178,4,0,0,0,0.0217
mule_recruitment,crypto_payment_or_conversion,10,183,6,0,0,0,0.0321
mule_recruitment,telegram_off_platform,10,121,5,0,0,0,0.0397
mule_recruitment,escrow_trust_reputation,10,229,2,0,0,0,0.0084
mule_recruitment,tutorial_training_recruitment,10,156,3,0,0,0,0.0184
mule_recruitment,jurisdiction_localisation,10,199,2,0,0,0,0.0097
mule_recruitment,domestic_account_preference,10,199,2,0,0,0,0.0097
mule_recruitment,telegram_sales_or_proof,10,26,1,0,0,0,0.0286
mule_recruitment,crypto_to_bank_cashout,10,38,1,0,0,0,0.0213
mule_recruitment,escrow_or_exit_scam_risk,10,205,2,0,0,0,0.0094
mule_recruitment,mule_or_account_holder_recruitment,10,9,9,0,0,1,0.9000
cashout_laundering_service,crypto_payment_or_conversion,178,183,67,0,0,0,0.2279
cashout_laundering_service,telegram_off_platform,178,121,28,0,0,0,0.1033
cashout_laundering_service,escrow_trust_reputation,178,229,12,0,0,0,0.0304
cashout_laundering_service,tutorial_training_recruitment,178,156,41,0,0,0,0.1399
cashout_laundering_service,jurisdiction_localisation,178,199,19,0,0,0,0.0531
cashout_laundering_service,bank_log_plus_email_access,178,19,3,0,0,0,0.0155
cashout_laundering_service,domestic_account_preference,178,199,19,0,0,0,0.0531
cashout_laundering_service,telegram_sales_or_proof,178,26,1,0,0,0,0.0049
cashout_laundering_service,crypto_to_bank_cashout,178,38,25,0,0,0,0.1309
cashout_laundering_service,escrow_or_exit_scam_risk,178,205,11,0,0,0,0.0296
cashout_laundering_service,mule_or_account_holder_recruitment,178,9,4,0,0,0,0.0219
crypto_payment_or_conversion,telegram_off_platform,183,121,17,0,0,0,0.0592
crypto_payment_or_conversion,escrow_trust_reputation,183,229,56,0,0,0,0.1573
crypto_payment_or_conversion,tutorial_training_recruitment,183,156,41,0,0,0,0.1376
crypto_payment_or_conversion,jurisdiction_localisation,183,199,25,0,0,0,0.0700
crypto_payment_or_conversion,bank_log_plus_email_access,183,19,1,0,0,0,0.0050
crypto_payment_or_conversion,domestic_account_preference,183,199,25,0,0,0,0.0700
crypto_payment_or_conversion,telegram_sales_or_proof,183,26,9,0,0,0,0.0450
crypto_payment_or_conversion,crypto_to_bank_cashout,183,38,38,0,0,1,0.2077
crypto_payment_or_conversion,escrow_or_exit_scam_risk,183,205,51,0,0,0,0.1513
crypto_payment_or_conversion,mule_or_account_holder_recruitment,183,9,6,0,0,0,0.0323
telegram_off_platform,escrow_trust_reputation,121,229,20,0,0,0,0.0606
telegram_off_platform,tutorial_training_recruitment,121,156,28,0,0,0,0.1124
telegram_off_platform,jurisdiction_localisation,121,199,14,0,0,0,0.0458
telegram_off_platform,bank_log_plus_email_access,121,19,5,0,0,0,0.0370
telegram_off_platform,domestic_account_preference,121,199,14,0,0,0,0.0458
telegram_off_platform,telegram_sales_or_proof,121,26,26,0,0,1,0.2149
telegram_off_platform,crypto_to_bank_cashout,121,38,1,0,0,0,0.0063
telegram_off_platform,escrow_or_exit_scam_risk,121,205,16,0,0,0,0.0516
telegram_off_platform,mule_or_account_holder_recruitment,121,9,4,0,0,0,0.0317
escrow_trust_reputation,tutorial_training_recruitment,229,156,37,0,0,0,0.1063
escrow_trust_reputation,jurisdiction_localisation,229,199,20,0,0,0,0.0490
escrow_trust_reputation,bank_log_plus_email_access,229,19,4,0,0,0,0.0164
escrow_trust_reputation,domestic_account_preference,229,199,20,0,0,0,0.0490
escrow_trust_reputation,telegram_sales_or_proof,229,26,15,0,0,0,0.0625
escrow_trust_reputation,crypto_to_bank_cashout,229,38,5,0,0,0,0.0191
escrow_trust_reputation,escrow_or_exit_scam_risk,229,205,205,0,0,1,0.8952
escrow_trust_reputation,mule_or_account_holder_recruitment,229,9,2,0,0,0,0.0085
tutorial_training_recruitment,jurisdiction_localisation,156,199,18,0,0,0,0.0534
tutorial_training_recruitment,bank_log_plus_email_access,156,19,7,0,0,0,0.0417
tutorial_training_recruitment,domestic_account_preference,156,199,18,0,0,0,0.0534
tutorial_training_recruitment,telegram_sales_or_proof,156,26,13,0,0,0,0.0769
tutorial_training_recruitment,crypto_to_bank_cashout,156,38,14,0,0,0,0.0778
tutorial_training_recruitment,escrow_or_exit_scam_risk,156,205,29,0,0,0,0.0873
tutorial_training_recruitment,mule_or_account_holder_recruitment,156,9,3,0,0,0,0.0185
jurisdiction_localisation,bank_log_plus_email_access,199,19,2,0,0,0,0.0093
jurisdiction_localisation,domestic_account_preference,199,199,199,1,1,1,1.0000
jurisdiction_localisation,telegram_sales_or_proof,199,26,1,0,0,0,0.0045
jurisdiction_localisation,crypto_to_bank_cashout,199,38,5,0,0,0,0.0216
jurisdiction_localisation,escrow_or_exit_scam_risk,199,205,19,0,0,0,0.0494
jurisdiction_localisation,mule_or_account_holder_recruitment,199,9,1,0,0,0,0.0048
bank_log_plus_email_access,domestic_account_preference,19,199,2,0,0,0,0.0093
bank_log_plus_email_access,telegram_sales_or_proof,19,26,2,0,0,0,0.0465
bank_log_plus_email_access,crypto_to_bank_cashout,19,38,1,0,0,0,0.0179
bank_log_plus_email_access,escrow_or_exit_scam_risk,19,205,4,0,0,0,0.0182
domestic_account_preference,telegram_sales_or_proof,199,26,1,0,0,0,0.0045
domestic_account_preference,crypto_to_bank_cashout,199,38,5,0,0,0,0.0216
domestic_account_preference,escrow_or_exit_scam_risk,199,205,19,0,0,0,0.0494
domestic_account_preference,mule_or_account_holder_recruitment,199,9,1,0,0,0,0.0048
telegram_sales_or_proof,escrow_or_exit_scam_risk,26,205,13,0,0,0,0.0596
telegram_sales_or_proof,mule_or_account_holder_recruitment,26,9,1,0,0,0,0.0294
crypto_to_bank_cashout,escrow_or_exit_scam_risk,38,205,4,0,0,0,0.0167
crypto_to_bank_cashout,mule_or_account_holder_recruitment,38,9,1,0,0,0,0.0217
escrow_or_exit_scam_risk,mule_or_account_holder_recruitment,205,9,2,0,0,0,0.0094
