code_a,code_b,images_with_both,image_denominator
escrow_trust_reputation,escrow_or_exit_scam_risk,205,1037
jurisdiction_localisation,domestic_account_preference,199,1037
bank_log_sale,crypto_payment_or_conversion,92,1037
bank_log_sale,bank_drop_sale,91,1037
bank_log_sale,domestic_account_preference,91,1037
bank_log_sale,jurisdiction_localisation,91,1037
bank_drop_sale,domestic_account_preference,76,1037
bank_drop_sale,jurisdiction_localisation,76,1037
bank_log_sale,cashout_laundering_service,73,1037
bank_log_sale,email_access_takeover,67,1037
cashout_laundering_service,crypto_payment_or_conversion,67,1037
bank_drop_sale,fullz_identity_package,66,1037
bank_log_sale,escrow_trust_reputation,62,1037
bank_log_sale,tutorial_training_recruitment,61,1037
crypto_payment_or_conversion,escrow_trust_reputation,56,1037
bank_log_sale,escrow_or_exit_scam_risk,55,1037
crypto_payment_or_conversion,escrow_or_exit_scam_risk,51,1037
bank_log_sale,fullz_identity_package,50,1037
email_access_takeover,domestic_account_preference,44,1037
email_access_takeover,jurisdiction_localisation,44,1037
cashout_laundering_service,tutorial_training_recruitment,41,1037
crypto_payment_or_conversion,tutorial_training_recruitment,41,1037
bank_drop_sale,escrow_trust_reputation,38,1037
crypto_payment_or_conversion,crypto_to_bank_cashout,38,1037
escrow_trust_reputation,tutorial_training_recruitment,37,1037
bank_drop_sale,escrow_or_exit_scam_risk,36,1037
bank_drop_sale,tutorial_training_recruitment,35,1037
fullz_identity_package,domestic_account_preference,32,1037
fullz_identity_package,escrow_trust_reputation,32,1037
fullz_identity_package,jurisdiction_localisation,32,1037
bank_drop_sale,crypto_payment_or_conversion,30,1037
tutorial_training_recruitment,escrow_or_exit_scam_risk,29,1037
cashout_laundering_service,telegram_off_platform,28,1037
fullz_identity_package,crypto_payment_or_conversion,28,1037
fullz_identity_package,escrow_or_exit_scam_risk,28,1037
telegram_off_platform,tutorial_training_recruitment,28,1037
telegram_off_platform,telegram_sales_or_proof,26,1037
bank_log_sale,crypto_to_bank_cashout,25,1037
cashout_laundering_service,crypto_to_bank_cashout,25,1037
crypto_payment_or_conversion,domestic_account_preference,25,1037
crypto_payment_or_conversion,jurisdiction_localisation,25,1037
bank_drop_sale,cashout_laundering_service,24,1037
fullz_identity_package,tutorial_training_recruitment,24,1037
fullz_identity_package,cashout_laundering_service,23,1037
escrow_trust_reputation,domestic_account_preference,20,1037
escrow_trust_reputation,jurisdiction_localisation,20,1037
fullz_identity_package,telegram_off_platform,20,1037
telegram_off_platform,escrow_trust_reputation,20,1037
bank_log_sale,bank_log_plus_email_access,19,1037
cashout_laundering_service,domestic_account_preference,19,1037
cashout_laundering_service,jurisdiction_localisation,19,1037
domestic_account_preference,escrow_or_exit_scam_risk,19,1037
email_access_takeover,bank_log_plus_email_access,19,1037
jurisdiction_localisation,escrow_or_exit_scam_risk,19,1037
bank_drop_sale,email_access_takeover,18,1037
tutorial_training_recruitment,domestic_account_preference,18,1037
tutorial_training_recruitment,jurisdiction_localisation,18,1037
crypto_payment_or_conversion,telegram_off_platform,17,1037
bank_log_sale,telegram_off_platform,16,1037
email_access_takeover,tutorial_training_recruitment,16,1037
telegram_off_platform,escrow_or_exit_scam_risk,16,1037
escrow_trust_reputation,telegram_sales_or_proof,15,1037
telegram_off_platform,domestic_account_preference,14,1037
telegram_off_platform,jurisdiction_localisation,14,1037
tutorial_training_recruitment,crypto_to_bank_cashout,14,1037
telegram_sales_or_proof,escrow_or_exit_scam_risk,13,1037
tutorial_training_recruitment,telegram_sales_or_proof,13,1037
cashout_laundering_service,escrow_trust_reputation,12,1037
cashout_laundering_service,escrow_or_exit_scam_risk,11,1037
bank_drop_sale,telegram_off_platform,10,1037
fullz_identity_package,email_access_takeover,10,1037
crypto_payment_or_conversion,telegram_sales_or_proof,9,1037
email_access_takeover,crypto_payment_or_conversion,9,1037
mule_recruitment,mule_or_account_holder_recruitment,9,1037
fullz_identity_package,telegram_sales_or_proof,7,1037
tutorial_training_recruitment,bank_log_plus_email_access,7,1037
crypto_payment_or_conversion,mule_or_account_holder_recruitment,6,1037
email_access_takeover,escrow_trust_reputation,6,1037
email_access_takeover,telegram_off_platform,6,1037
mule_recruitment,crypto_payment_or_conversion,6,1037
domestic_account_preference,crypto_to_bank_cashout,5,1037
email_access_takeover,cashout_laundering_service,5,1037
email_access_takeover,escrow_or_exit_scam_risk,5,1037
escrow_trust_reputation,crypto_to_bank_cashout,5,1037
fullz_identity_package,crypto_to_bank_cashout,5,1037
jurisdiction_localisation,crypto_to_bank_cashout,5,1037
mule_recruitment,telegram_off_platform,5,1037
telegram_off_platform,bank_log_plus_email_access,5,1037
bank_drop_sale,crypto_to_bank_cashout,4,1037
bank_log_plus_email_access,escrow_or_exit_scam_risk,4,1037
bank_log_sale,telegram_sales_or_proof,4,1037
cashout_laundering_service,mule_or_account_holder_recruitment,4,1037
crypto_to_bank_cashout,escrow_or_exit_scam_risk,4,1037
escrow_trust_reputation,bank_log_plus_email_access,4,1037
mule_recruitment,cashout_laundering_service,4,1037
telegram_off_platform,mule_or_account_holder_recruitment,4,1037
bank_log_sale,mule_or_account_holder_recruitment,3,1037
bank_log_sale,mule_recruitment,3,1037
cashout_laundering_service,bank_log_plus_email_access,3,1037
mule_recruitment,tutorial_training_recruitment,3,1037
tutorial_training_recruitment,mule_or_account_holder_recruitment,3,1037
bank_drop_sale,bank_log_plus_email_access,2,1037
bank_drop_sale,mule_or_account_holder_recruitment,2,1037
bank_drop_sale,mule_recruitment,2,1037
bank_log_plus_email_access,domestic_account_preference,2,1037
bank_log_plus_email_access,telegram_sales_or_proof,2,1037
email_access_takeover,crypto_to_bank_cashout,2,1037
email_access_takeover,telegram_sales_or_proof,2,1037
escrow_or_exit_scam_risk,mule_or_account_holder_recruitment,2,1037
escrow_trust_reputation,mule_or_account_holder_recruitment,2,1037
fullz_identity_package,mule_or_account_holder_recruitment,2,1037
fullz_identity_package,mule_recruitment,2,1037
jurisdiction_localisation,bank_log_plus_email_access,2,1037
mule_recruitment,domestic_account_preference,2,1037
mule_recruitment,escrow_or_exit_scam_risk,2,1037
mule_recruitment,escrow_trust_reputation,2,1037
mule_recruitment,jurisdiction_localisation,2,1037
bank_drop_sale,telegram_sales_or_proof,1,1037
bank_log_plus_email_access,crypto_to_bank_cashout,1,1037
cashout_laundering_service,telegram_sales_or_proof,1,1037
crypto_payment_or_conversion,bank_log_plus_email_access,1,1037
crypto_to_bank_cashout,mule_or_account_holder_recruitment,1,1037
domestic_account_preference,mule_or_account_holder_recruitment,1,1037
domestic_account_preference,telegram_sales_or_proof,1,1037
fullz_identity_package,bank_log_plus_email_access,1,1037
jurisdiction_localisation,mule_or_account_holder_recruitment,1,1037
jurisdiction_localisation,telegram_sales_or_proof,1,1037
mule_recruitment,crypto_to_bank_cashout,1,1037
mule_recruitment,telegram_sales_or_proof,1,1037
telegram_off_platform,crypto_to_bank_cashout,1,1037
telegram_sales_or_proof,mule_or_account_holder_recruitment,1,1037
