population,population_definition,removed_source,code,label,remaining_denominator_n,remaining_positive_records_n,remaining_positive_percent,full_rank_by_record_count,remaining_rank_by_record_count,rank_change
full_screened,All combined records evaluated by the deterministic screen,(no_source),bank_drop_sale,Bank drop sale or bank-drop infrastructure,980,116,11.837,5,7,2
full_screened,All combined records evaluated by the deterministic screen,(no_source),bank_log_sale,Compromised bank log sale or discussion,980,178,18.163,1,1,0
full_screened,All combined records evaluated by the deterministic screen,(no_source),cashout_laundering_service,Cash-out or laundering service,980,118,12.041,6,5,-1
full_screened,All combined records evaluated by the deterministic screen,(no_source),crypto_payment_or_conversion,Cryptocurrency payment or conversion reference,980,126,12.857,4,3,-1
full_screened,All combined records evaluated by the deterministic screen,(no_source),email_access_takeover,Email-access-enabled account takeover,980,62,6.327,10,10,0
full_screened,All combined records evaluated by the deterministic screen,(no_source),escrow_trust_reputation,"Escrow, trust, reputation, or scam-risk discourse",980,132,13.469,2,2,0
full_screened,All combined records evaluated by the deterministic screen,(no_source),fullz_identity_package,Fullz or identity package,980,124,12.653,3,4,1
full_screened,All combined records evaluated by the deterministic screen,(no_source),jurisdiction_localisation,Jurisdiction-specific bank or account reference,980,117,11.939,7,6,-1
full_screened,All combined records evaluated by the deterministic screen,(no_source),mule_recruitment,Mule recruitment or account-holder solicitation,980,9,0.918,11,11,0
full_screened,All combined records evaluated by the deterministic screen,(no_source),telegram_off_platform,Telegram or private-channel coordination reference,980,82,8.367,9,9,0
full_screened,All combined records evaluated by the deterministic screen,(no_source),tutorial_training_recruitment,"Tutorial, guide, or training content",980,104,10.612,8,8,0
full_screened,All combined records evaluated by the deterministic screen,(no_source),vulnerable_group_exploitation,Vulnerable group or migrant/student exploitation,980,0,0.0,12,12,0
full_screened,All combined records evaluated by the deterministic screen,1. Dread,bank_drop_sale,Bank drop sale or bank-drop infrastructure,930,102,10.968,5,7,2
full_screened,All combined records evaluated by the deterministic screen,1. Dread,bank_log_sale,Compromised bank log sale or discussion,930,167,17.957,1,1,0
full_screened,All combined records evaluated by the deterministic screen,1. Dread,cashout_laundering_service,Cash-out or laundering service,930,110,11.828,6,5,-1
full_screened,All combined records evaluated by the deterministic screen,1. Dread,crypto_payment_or_conversion,Cryptocurrency payment or conversion reference,930,117,12.581,4,2,-2
full_screened,All combined records evaluated by the deterministic screen,1. Dread,email_access_takeover,Email-access-enabled account takeover,930,61,6.559,10,10,0
full_screened,All combined records evaluated by the deterministic screen,1. Dread,escrow_trust_reputation,"Escrow, trust, reputation, or scam-risk discourse",930,112,12.043,2,4,2
full_screened,All combined records evaluated by the deterministic screen,1. Dread,fullz_identity_package,Fullz or identity package,930,117,12.581,3,3,0
full_screened,All combined records evaluated by the deterministic screen,1. Dread,jurisdiction_localisation,Jurisdiction-specific bank or account reference,930,103,11.075,7,6,-1
full_screened,All combined records evaluated by the deterministic screen,1. Dread,mule_recruitment,Mule recruitment or account-holder solicitation,930,8,0.86,11,11,0
full_screened,All combined records evaluated by the deterministic screen,1. Dread,telegram_off_platform,Telegram or private-channel coordination reference,930,74,7.957,9,9,0
full_screened,All combined records evaluated by the deterministic screen,1. Dread,tutorial_training_recruitment,"Tutorial, guide, or training content",930,90,9.677,8,8,0
full_screened,All combined records evaluated by the deterministic screen,1. Dread,vulnerable_group_exploitation,Vulnerable group or migrant/student exploitation,930,1,0.108,12,12,0
full_screened,All combined records evaluated by the deterministic screen,10. Tor Shop,bank_drop_sale,Bank drop sale or bank-drop infrastructure,906,89,9.823,5,8,3
full_screened,All combined records evaluated by the deterministic screen,10. Tor Shop,bank_log_sale,Compromised bank log sale or discussion,906,153,16.887,1,1,0
full_screened,All combined records evaluated by the deterministic screen,10. Tor Shop,cashout_laundering_service,Cash-out or laundering service,906,111,12.252,6,4,-2
full_screened,All combined records evaluated by the deterministic screen,10. Tor Shop,crypto_payment_or_conversion,Cryptocurrency payment or conversion reference,906,113,12.472,4,3,-1
full_screened,All combined records evaluated by the deterministic screen,10. Tor Shop,email_access_takeover,Email-access-enabled account takeover,906,57,6.291,10,10,0
full_screened,All combined records evaluated by the deterministic screen,10. Tor Shop,escrow_trust_reputation,"Escrow, trust, reputation, or scam-risk discourse",906,134,14.79,2,2,0
full_screened,All combined records evaluated by the deterministic screen,10. Tor Shop,fullz_identity_package,Fullz or identity package,906,104,11.479,3,6,3
full_screened,All combined records evaluated by the deterministic screen,10. Tor Shop,jurisdiction_localisation,Jurisdiction-specific bank or account reference,906,107,11.81,7,5,-2
full_screened,All combined records evaluated by the deterministic screen,10. Tor Shop,mule_recruitment,Mule recruitment or account-holder solicitation,906,10,1.104,11,11,0
full_screened,All combined records evaluated by the deterministic screen,10. Tor Shop,telegram_off_platform,Telegram or private-channel coordination reference,906,87,9.603,9,9,0
full_screened,All combined records evaluated by the deterministic screen,10. Tor Shop,tutorial_training_recruitment,"Tutorial, guide, or training content",906,95,10.486,8,7,-1
full_screened,All combined records evaluated by the deterministic screen,10. Tor Shop,vulnerable_group_exploitation,Vulnerable group or migrant/student exploitation,906,1,0.11,12,12,0
full_screened,All combined records evaluated by the deterministic screen,11. Legit Market,bank_drop_sale,Bank drop sale or bank-drop infrastructure,911,110,12.075,5,6,1
full_screened,All combined records evaluated by the deterministic screen,11. Legit Market,bank_log_sale,Compromised bank log sale or discussion,911,167,18.332,1,1,0
full_screened,All combined records evaluated by the deterministic screen,11. Legit Market,cashout_laundering_service,Cash-out or laundering service,911,117,12.843,6,4,-2
full_screened,All combined records evaluated by the deterministic screen,11. Legit Market,crypto_payment_or_conversion,Cryptocurrency payment or conversion reference,911,121,13.282,4,3,-1
full_screened,All combined records evaluated by the deterministic screen,11. Legit Market,email_access_takeover,Email-access-enabled account takeover,911,60,6.586,10,10,0
full_screened,All combined records evaluated by the deterministic screen,11. Legit Market,escrow_trust_reputation,"Escrow, trust, reputation, or scam-risk discourse",911,114,12.514,2,5,3
full_screened,All combined records evaluated by the deterministic screen,11. Legit Market,fullz_identity_package,Fullz or identity package,911,126,13.831,3,2,-1
full_screened,All combined records evaluated by the deterministic screen,11. Legit Market,jurisdiction_localisation,Jurisdiction-specific bank or account reference,911,108,11.855,7,7,0
full_screened,All combined records evaluated by the deterministic screen,11. Legit Market,mule_recruitment,Mule recruitment or account-holder solicitation,911,10,1.098,11,11,0
full_screened,All combined records evaluated by the deterministic screen,11. Legit Market,telegram_off_platform,Telegram or private-channel coordination reference,911,86,9.44,9,9,0
full_screened,All combined records evaluated by the deterministic screen,11. Legit Market,tutorial_training_recruitment,"Tutorial, guide, or training content",911,104,11.416,8,8,0
full_screened,All combined records evaluated by the deterministic screen,11. Legit Market,vulnerable_group_exploitation,Vulnerable group or migrant/student exploitation,911,1,0.11,12,12,0
full_screened,All combined records evaluated by the deterministic screen,12. TORCH Tor Search,bank_drop_sale,Bank drop sale or bank-drop infrastructure,941,119,12.646,5,7,2
full_screened,All combined records evaluated by the deterministic screen,12. TORCH Tor Search,bank_log_sale,Compromised bank log sale or discussion,941,180,19.129,1,1,0
full_screened,All combined records evaluated by the deterministic screen,12. TORCH Tor Search,cashout_laundering_service,Cash-out or laundering service,941,120,12.752,6,5,-1
full_screened,All combined records evaluated by the deterministic screen,12. TORCH Tor Search,crypto_payment_or_conversion,Cryptocurrency payment or conversion reference,941,127,13.496,4,4,0
full_screened,All combined records evaluated by the deterministic screen,12. TORCH Tor Search,email_access_takeover,Email-access-enabled account takeover,941,64,6.801,10,10,0
full_screened,All combined records evaluated by the deterministic screen,12. TORCH Tor Search,escrow_trust_reputation,"Escrow, trust, reputation, or scam-risk discourse",941,134,14.24,2,2,0
full_screened,All combined records evaluated by the deterministic screen,12. TORCH Tor Search,fullz_identity_package,Fullz or identity package,941,128,13.603,3,3,0
full_screened,All combined records evaluated by the deterministic screen,12. TORCH Tor Search,jurisdiction_localisation,Jurisdiction-specific bank or account reference,941,120,12.752,7,6,-1
full_screened,All combined records evaluated by the deterministic screen,12. TORCH Tor Search,mule_recruitment,Mule recruitment or account-holder solicitation,941,10,1.063,11,11,0
full_screened,All combined records evaluated by the deterministic screen,12. TORCH Tor Search,telegram_off_platform,Telegram or private-channel coordination reference,941,87,9.245,9,9,0
full_screened,All combined records evaluated by the deterministic screen,12. TORCH Tor Search,tutorial_training_recruitment,"Tutorial, guide, or training content",941,107,11.371,8,8,0
full_screened,All combined records evaluated by the deterministic screen,12. TORCH Tor Search,vulnerable_group_exploitation,Vulnerable group or migrant/student exploitation,941,1,0.106,12,12,0
full_screened,All combined records evaluated by the deterministic screen,13. Bank Logs,bank_drop_sale,Bank drop sale or bank-drop infrastructure,998,121,12.124,5,5,0
full_screened,All combined records evaluated by the deterministic screen,13. Bank Logs,bank_log_sale,Compromised bank log sale or discussion,998,182,18.236,1,1,0
full_screened,All combined records evaluated by the deterministic screen,13. Bank Logs,cashout_laundering_service,Cash-out or laundering service,998,120,12.024,6,6,0
full_screened,All combined records evaluated by the deterministic screen,13. Bank Logs,crypto_payment_or_conversion,Cryptocurrency payment or conversion reference,998,127,12.725,4,4,0
full_screened,All combined records evaluated by the deterministic screen,13. Bank Logs,email_access_takeover,Email-access-enabled account takeover,998,64,6.413,10,10,0
full_screened,All combined records evaluated by the deterministic screen,13. Bank Logs,escrow_trust_reputation,"Escrow, trust, reputation, or scam-risk discourse",998,134,13.427,2,2,0
full_screened,All combined records evaluated by the deterministic screen,13. Bank Logs,fullz_identity_package,Fullz or identity package,998,128,12.826,3,3,0
full_screened,All combined records evaluated by the deterministic screen,13. Bank Logs,jurisdiction_localisation,Jurisdiction-specific bank or account reference,998,120,12.024,7,7,0
full_screened,All combined records evaluated by the deterministic screen,13. Bank Logs,mule_recruitment,Mule recruitment or account-holder solicitation,998,10,1.002,11,11,0
full_screened,All combined records evaluated by the deterministic screen,13. Bank Logs,telegram_off_platform,Telegram or private-channel coordination reference,998,87,8.717,9,9,0
full_screened,All combined records evaluated by the deterministic screen,13. Bank Logs,tutorial_training_recruitment,"Tutorial, guide, or training content",998,107,10.721,8,8,0
full_screened,All combined records evaluated by the deterministic screen,13. Bank Logs,vulnerable_group_exploitation,Vulnerable group or migrant/student exploitation,998,1,0.1,12,12,0
full_screened,All combined records evaluated by the deterministic screen,14. Lonely Road,bank_drop_sale,Bank drop sale or bank-drop infrastructure,995,121,12.161,5,5,0
full_screened,All combined records evaluated by the deterministic screen,14. Lonely Road,bank_log_sale,Compromised bank log sale or discussion,995,181,18.191,1,1,0
full_screened,All combined records evaluated by the deterministic screen,14. Lonely Road,cashout_laundering_service,Cash-out or laundering service,995,120,12.06,6,6,0
full_screened,All combined records evaluated by the deterministic screen,14. Lonely Road,crypto_payment_or_conversion,Cryptocurrency payment or conversion reference,995,124,12.462,4,4,0
full_screened,All combined records evaluated by the deterministic screen,14. Lonely Road,email_access_takeover,Email-access-enabled account takeover,995,64,6.432,10,10,0
full_screened,All combined records evaluated by the deterministic screen,14. Lonely Road,escrow_trust_reputation,"Escrow, trust, reputation, or scam-risk discourse",995,134,13.467,2,2,0
full_screened,All combined records evaluated by the deterministic screen,14. Lonely Road,fullz_identity_package,Fullz or identity package,995,128,12.864,3,3,0
full_screened,All combined records evaluated by the deterministic screen,14. Lonely Road,jurisdiction_localisation,Jurisdiction-specific bank or account reference,995,119,11.96,7,7,0
full_screened,All combined records evaluated by the deterministic screen,14. Lonely Road,mule_recruitment,Mule recruitment or account-holder solicitation,995,10,1.005,11,11,0
full_screened,All combined records evaluated by the deterministic screen,14. Lonely Road,telegram_off_platform,Telegram or private-channel coordination reference,995,87,8.744,9,9,0
full_screened,All combined records evaluated by the deterministic screen,14. Lonely Road,tutorial_training_recruitment,"Tutorial, guide, or training content",995,107,10.754,8,8,0
full_screened,All combined records evaluated by the deterministic screen,14. Lonely Road,vulnerable_group_exploitation,Vulnerable group or migrant/student exploitation,995,1,0.101,12,12,0
full_screened,All combined records evaluated by the deterministic screen,15. Tenebris,bank_drop_sale,Bank drop sale or bank-drop infrastructure,991,120,12.109,5,5,0
full_screened,All combined records evaluated by the deterministic screen,15. Tenebris,bank_log_sale,Compromised bank log sale or discussion,991,179,18.063,1,1,0
full_screened,All combined records evaluated by the deterministic screen,15. Tenebris,cashout_laundering_service,Cash-out or laundering service,991,117,11.806,6,7,1
full_screened,All combined records evaluated by the deterministic screen,15. Tenebris,crypto_payment_or_conversion,Cryptocurrency payment or conversion reference,991,123,12.412,4,4,0
full_screened,All combined records evaluated by the deterministic screen,15. Tenebris,email_access_takeover,Email-access-enabled account takeover,991,63,6.357,10,10,0
full_screened,All combined records evaluated by the deterministic screen,15. Tenebris,escrow_trust_reputation,"Escrow, trust, reputation, or scam-risk discourse",991,131,13.219,2,2,0
full_screened,All combined records evaluated by the deterministic screen,15. Tenebris,fullz_identity_package,Fullz or identity package,991,128,12.916,3,3,0
full_screened,All combined records evaluated by the deterministic screen,15. Tenebris,jurisdiction_localisation,Jurisdiction-specific bank or account reference,991,119,12.008,7,6,-1
full_screened,All combined records evaluated by the deterministic screen,15. Tenebris,mule_recruitment,Mule recruitment or account-holder solicitation,991,10,1.009,11,11,0
full_screened,All combined records evaluated by the deterministic screen,15. Tenebris,telegram_off_platform,Telegram or private-channel coordination reference,991,83,8.375,9,9,0
full_screened,All combined records evaluated by the deterministic screen,15. Tenebris,tutorial_training_recruitment,"Tutorial, guide, or training content",991,104,10.494,8,8,0
full_screened,All combined records evaluated by the deterministic screen,15. Tenebris,vulnerable_group_exploitation,Vulnerable group or migrant/student exploitation,991,1,0.101,12,12,0
full_screened,All combined records evaluated by the deterministic screen,17.  XmrBazaar,bank_drop_sale,Bank drop sale or bank-drop infrastructure,993,120,12.085,5,5,0
full_screened,All combined records evaluated by the deterministic screen,17.  XmrBazaar,bank_log_sale,Compromised bank log sale or discussion,993,182,18.328,1,1,0
full_screened,All combined records evaluated by the deterministic screen,17.  XmrBazaar,cashout_laundering_service,Cash-out or laundering service,993,120,12.085,6,6,0
full_screened,All combined records evaluated by the deterministic screen,17.  XmrBazaar,crypto_payment_or_conversion,Cryptocurrency payment or conversion reference,993,125,12.588,4,4,0
full_screened,All combined records evaluated by the deterministic screen,17.  XmrBazaar,email_access_takeover,Email-access-enabled account takeover,993,64,6.445,10,10,0
full_screened,All combined records evaluated by the deterministic screen,17.  XmrBazaar,escrow_trust_reputation,"Escrow, trust, reputation, or scam-risk discourse",993,133,13.394,2,2,0
full_screened,All combined records evaluated by the deterministic screen,17.  XmrBazaar,fullz_identity_package,Fullz or identity package,993,128,12.89,3,3,0
full_screened,All combined records evaluated by the deterministic screen,17.  XmrBazaar,jurisdiction_localisation,Jurisdiction-specific bank or account reference,993,120,12.085,7,7,0
full_screened,All combined records evaluated by the deterministic screen,17.  XmrBazaar,mule_recruitment,Mule recruitment or account-holder solicitation,993,10,1.007,11,11,0
full_screened,All combined records evaluated by the deterministic screen,17.  XmrBazaar,telegram_off_platform,Telegram or private-channel coordination reference,993,87,8.761,9,9,0
full_screened,All combined records evaluated by the deterministic screen,17.  XmrBazaar,tutorial_training_recruitment,"Tutorial, guide, or training content",993,106,10.675,8,8,0
full_screened,All combined records evaluated by the deterministic screen,17.  XmrBazaar,vulnerable_group_exploitation,Vulnerable group or migrant/student exploitation,993,1,0.101,12,12,0
full_screened,All combined records evaluated by the deterministic screen,2. Altenen,bank_drop_sale,Bank drop sale or bank-drop infrastructure,927,119,12.837,5,4,-1
full_screened,All combined records evaluated by the deterministic screen,2. Altenen,bank_log_sale,Compromised bank log sale or discussion,927,167,18.015,1,1,0
full_screened,All combined records evaluated by the deterministic screen,2. Altenen,cashout_laundering_service,Cash-out or laundering service,927,111,11.974,6,6,0
full_screened,All combined records evaluated by the deterministic screen,2. Altenen,crypto_payment_or_conversion,Cryptocurrency payment or conversion reference,927,114,12.298,4,5,1
full_screened,All combined records evaluated by the deterministic screen,2. Altenen,email_access_takeover,Email-access-enabled account takeover,927,60,6.472,10,10,0
full_screened,All combined records evaluated by the deterministic screen,2. Altenen,escrow_trust_reputation,"Escrow, trust, reputation, or scam-risk discourse",927,131,14.132,2,2,0
full_screened,All combined records evaluated by the deterministic screen,2. Altenen,fullz_identity_package,Fullz or identity package,927,109,11.758,3,7,4
full_screened,All combined records evaluated by the deterministic screen,2. Altenen,jurisdiction_localisation,Jurisdiction-specific bank or account reference,927,120,12.945,7,3,-4
full_screened,All combined records evaluated by the deterministic screen,2. Altenen,mule_recruitment,Mule recruitment or account-holder solicitation,927,7,0.755,11,11,0
full_screened,All combined records evaluated by the deterministic screen,2. Altenen,telegram_off_platform,Telegram or private-channel coordination reference,927,69,7.443,9,9,0
full_screened,All combined records evaluated by the deterministic screen,2. Altenen,tutorial_training_recruitment,"Tutorial, guide, or training content",927,88,9.493,8,8,0
full_screened,All combined records evaluated by the deterministic screen,2. Altenen,vulnerable_group_exploitation,Vulnerable group or migrant/student exploitation,927,1,0.108,12,12,0
full_screened,All combined records evaluated by the deterministic screen,3. Pitch,bank_drop_sale,Bank drop sale or bank-drop infrastructure,909,109,11.991,5,5,0
full_screened,All combined records evaluated by the deterministic screen,3. Pitch,bank_log_sale,Compromised bank log sale or discussion,909,167,18.372,1,1,0
full_screened,All combined records evaluated by the deterministic screen,3. Pitch,cashout_laundering_service,Cash-out or laundering service,909,108,11.881,6,6,0
full_screened,All combined records evaluated by the deterministic screen,3. Pitch,crypto_payment_or_conversion,Cryptocurrency payment or conversion reference,909,111,12.211,4,4,0
full_screened,All combined records evaluated by the deterministic screen,3. Pitch,email_access_takeover,Email-access-enabled account takeover,909,55,6.051,10,10,0
full_screened,All combined records evaluated by the deterministic screen,3. Pitch,escrow_trust_reputation,"Escrow, trust, reputation, or scam-risk discourse",909,114,12.541,2,3,1
full_screened,All combined records evaluated by the deterministic screen,3. Pitch,fullz_identity_package,Fullz or identity package,909,116,12.761,3,2,-1
full_screened,All combined records evaluated by the deterministic screen,3. Pitch,jurisdiction_localisation,Jurisdiction-specific bank or account reference,909,107,11.771,7,7,0
full_screened,All combined records evaluated by the deterministic screen,3. Pitch,mule_recruitment,Mule recruitment or account-holder solicitation,909,7,0.77,11,11,0
full_screened,All combined records evaluated by the deterministic screen,3. Pitch,telegram_off_platform,Telegram or private-channel coordination reference,909,67,7.371,9,9,0
full_screened,All combined records evaluated by the deterministic screen,3. Pitch,tutorial_training_recruitment,"Tutorial, guide, or training content",909,87,9.571,8,8,0
full_screened,All combined records evaluated by the deterministic screen,3. Pitch,vulnerable_group_exploitation,Vulnerable group or migrant/student exploitation,909,1,0.11,12,12,0
full_screened,All combined records evaluated by the deterministic screen,4. Caders Heven,bank_drop_sale,Bank drop sale or bank-drop infrastructure,922,115,12.473,5,5,0
full_screened,All combined records evaluated by the deterministic screen,4. Caders Heven,bank_log_sale,Compromised bank log sale or discussion,922,154,16.703,1,1,0
full_screened,All combined records evaluated by the deterministic screen,4. Caders Heven,cashout_laundering_service,Cash-out or laundering service,922,98,10.629,6,8,2
full_screened,All combined records evaluated by the deterministic screen,4. Caders Heven,crypto_payment_or_conversion,Cryptocurrency payment or conversion reference,922,103,11.171,4,7,3
full_screened,All combined records evaluated by the deterministic screen,4. Caders Heven,email_access_takeover,Email-access-enabled account takeover,922,60,6.508,10,10,0
full_screened,All combined records evaluated by the deterministic screen,4. Caders Heven,escrow_trust_reputation,"Escrow, trust, reputation, or scam-risk discourse",922,133,14.425,2,2,0
full_screened,All combined records evaluated by the deterministic screen,4. Caders Heven,fullz_identity_package,Fullz or identity package,922,116,12.581,3,4,1
full_screened,All combined records evaluated by the deterministic screen,4. Caders Heven,jurisdiction_localisation,Jurisdiction-specific bank or account reference,922,118,12.798,7,3,-4
full_screened,All combined records evaluated by the deterministic screen,4. Caders Heven,mule_recruitment,Mule recruitment or account-holder solicitation,922,10,1.085,11,11,0
full_screened,All combined records evaluated by the deterministic screen,4. Caders Heven,telegram_off_platform,Telegram or private-channel coordination reference,922,87,9.436,9,9,0
full_screened,All combined records evaluated by the deterministic screen,4. Caders Heven,tutorial_training_recruitment,"Tutorial, guide, or training content",922,105,11.388,8,6,-2
full_screened,All combined records evaluated by the deterministic screen,4. Caders Heven,vulnerable_group_exploitation,Vulnerable group or migrant/student exploitation,922,1,0.108,12,12,0
full_screened,All combined records evaluated by the deterministic screen,5. CardPro,bank_drop_sale,Bank drop sale or bank-drop infrastructure,908,115,12.665,5,5,0
full_screened,All combined records evaluated by the deterministic screen,5. CardPro,bank_log_sale,Compromised bank log sale or discussion,908,180,19.824,1,1,0
full_screened,All combined records evaluated by the deterministic screen,5. CardPro,cashout_laundering_service,Cash-out or laundering service,908,88,9.692,6,8,2
full_screened,All combined records evaluated by the deterministic screen,5. CardPro,crypto_payment_or_conversion,Cryptocurrency payment or conversion reference,908,120,13.216,4,4,0
full_screened,All combined records evaluated by the deterministic screen,5. CardPro,email_access_takeover,Email-access-enabled account takeover,908,64,7.048,10,10,0
full_screened,All combined records evaluated by the deterministic screen,5. CardPro,escrow_trust_reputation,"Escrow, trust, reputation, or scam-risk discourse",908,130,14.317,2,2,0
full_screened,All combined records evaluated by the deterministic screen,5. CardPro,fullz_identity_package,Fullz or identity package,908,123,13.546,3,3,0
full_screened,All combined records evaluated by the deterministic screen,5. CardPro,jurisdiction_localisation,Jurisdiction-specific bank or account reference,908,109,12.004,7,6,-1
full_screened,All combined records evaluated by the deterministic screen,5. CardPro,mule_recruitment,Mule recruitment or account-holder solicitation,908,9,0.991,11,11,0
full_screened,All combined records evaluated by the deterministic screen,5. CardPro,telegram_off_platform,Telegram or private-channel coordination reference,908,65,7.159,9,9,0
full_screened,All combined records evaluated by the deterministic screen,5. CardPro,tutorial_training_recruitment,"Tutorial, guide, or training content",908,104,11.454,8,7,-1
full_screened,All combined records evaluated by the deterministic screen,5. CardPro,vulnerable_group_exploitation,Vulnerable group or migrant/student exploitation,908,1,0.11,12,12,0
full_screened,All combined records evaluated by the deterministic screen,6. The X Wave Market,bank_drop_sale,Bank drop sale or bank-drop infrastructure,909,112,12.321,5,4,-1
full_screened,All combined records evaluated by the deterministic screen,6. The X Wave Market,bank_log_sale,Compromised bank log sale or discussion,909,177,19.472,1,1,0
full_screened,All combined records evaluated by the deterministic screen,6. The X Wave Market,cashout_laundering_service,Cash-out or laundering service,909,110,12.101,6,5,-1
full_screened,All combined records evaluated by the deterministic screen,6. The X Wave Market,crypto_payment_or_conversion,Cryptocurrency payment or conversion reference,909,117,12.871,4,2,-2
full_screened,All combined records evaluated by the deterministic screen,6. The X Wave Market,email_access_takeover,Email-access-enabled account takeover,909,61,6.711,10,10,0
full_screened,All combined records evaluated by the deterministic screen,6. The X Wave Market,escrow_trust_reputation,"Escrow, trust, reputation, or scam-risk discourse",909,93,10.231,2,8,6
full_screened,All combined records evaluated by the deterministic screen,6. The X Wave Market,fullz_identity_package,Fullz or identity package,909,108,11.881,3,6,3
full_screened,All combined records evaluated by the deterministic screen,6. The X Wave Market,jurisdiction_localisation,Jurisdiction-specific bank or account reference,909,114,12.541,7,3,-4
full_screened,All combined records evaluated by the deterministic screen,6. The X Wave Market,mule_recruitment,Mule recruitment or account-holder solicitation,909,10,1.1,11,11,0
full_screened,All combined records evaluated by the deterministic screen,6. The X Wave Market,telegram_off_platform,Telegram or private-channel coordination reference,909,87,9.571,9,9,0
full_screened,All combined records evaluated by the deterministic screen,6. The X Wave Market,tutorial_training_recruitment,"Tutorial, guide, or training content",909,97,10.671,8,7,-1
full_screened,All combined records evaluated by the deterministic screen,6. The X Wave Market,vulnerable_group_exploitation,Vulnerable group or migrant/student exploitation,909,1,0.11,12,12,0
full_screened,All combined records evaluated by the deterministic screen,7. Meta Banklogs,bank_drop_sale,Bank drop sale or bank-drop infrastructure,907,107,11.797,5,6,1
full_screened,All combined records evaluated by the deterministic screen,7. Meta Banklogs,bank_log_sale,Compromised bank log sale or discussion,907,153,16.869,1,1,0
full_screened,All combined records evaluated by the deterministic screen,7. Meta Banklogs,cashout_laundering_service,Cash-out or laundering service,907,116,12.789,6,4,-2
full_screened,All combined records evaluated by the deterministic screen,7. Meta Banklogs,crypto_payment_or_conversion,Cryptocurrency payment or conversion reference,907,121,13.341,4,3,-1
full_screened,All combined records evaluated by the deterministic screen,7. Meta Banklogs,email_access_takeover,Email-access-enabled account takeover,907,43,4.741,10,10,0
full_screened,All combined records evaluated by the deterministic screen,7. Meta Banklogs,escrow_trust_reputation,"Escrow, trust, reputation, or scam-risk discourse",907,133,14.664,2,2,0
full_screened,All combined records evaluated by the deterministic screen,7. Meta Banklogs,fullz_identity_package,Fullz or identity package,907,116,12.789,3,5,2
full_screened,All combined records evaluated by the deterministic screen,7. Meta Banklogs,jurisdiction_localisation,Jurisdiction-specific bank or account reference,907,84,9.261,7,9,2
full_screened,All combined records evaluated by the deterministic screen,7. Meta Banklogs,mule_recruitment,Mule recruitment or account-holder solicitation,907,10,1.103,11,11,0
full_screened,All combined records evaluated by the deterministic screen,7. Meta Banklogs,telegram_off_platform,Telegram or private-channel coordination reference,907,85,9.372,9,8,-1
full_screened,All combined records evaluated by the deterministic screen,7. Meta Banklogs,tutorial_training_recruitment,"Tutorial, guide, or training content",907,101,11.136,8,7,-1
full_screened,All combined records evaluated by the deterministic screen,7. Meta Banklogs,vulnerable_group_exploitation,Vulnerable group or migrant/student exploitation,907,1,0.11,12,12,0
full_screened,All combined records evaluated by the deterministic screen,8. Secure ccSeller,bank_drop_sale,Bank drop sale or bank-drop infrastructure,905,120,13.26,5,5,0
full_screened,All combined records evaluated by the deterministic screen,8. Secure ccSeller,bank_log_sale,Compromised bank log sale or discussion,905,178,19.669,1,1,0
full_screened,All combined records evaluated by the deterministic screen,8. Secure ccSeller,cashout_laundering_service,Cash-out or laundering service,905,120,13.26,6,6,0
full_screened,All combined records evaluated by the deterministic screen,8. Secure ccSeller,crypto_payment_or_conversion,Cryptocurrency payment or conversion reference,905,126,13.923,4,3,-1
full_screened,All combined records evaluated by the deterministic screen,8. Secure ccSeller,email_access_takeover,Email-access-enabled account takeover,905,60,6.63,10,10,0
full_screened,All combined records evaluated by the deterministic screen,8. Secure ccSeller,escrow_trust_reputation,"Escrow, trust, reputation, or scam-risk discourse",905,133,14.696,2,2,0
full_screened,All combined records evaluated by the deterministic screen,8. Secure ccSeller,fullz_identity_package,Fullz or identity package,905,122,13.481,3,4,1
full_screened,All combined records evaluated by the deterministic screen,8. Secure ccSeller,jurisdiction_localisation,Jurisdiction-specific bank or account reference,905,115,12.707,7,7,0
full_screened,All combined records evaluated by the deterministic screen,8. Secure ccSeller,mule_recruitment,Mule recruitment or account-holder solicitation,905,10,1.105,11,11,0
full_screened,All combined records evaluated by the deterministic screen,8. Secure ccSeller,telegram_off_platform,Telegram or private-channel coordination reference,905,87,9.613,9,9,0
full_screened,All combined records evaluated by the deterministic screen,8. Secure ccSeller,tutorial_training_recruitment,"Tutorial, guide, or training content",905,103,11.381,8,8,0
full_screened,All combined records evaluated by the deterministic screen,8. Secure ccSeller,vulnerable_group_exploitation,Vulnerable group or migrant/student exploitation,905,1,0.11,12,12,0
full_screened,All combined records evaluated by the deterministic screen,9. Deep Shop,bank_drop_sale,Bank drop sale or bank-drop infrastructure,952,121,12.71,5,3,-2
full_screened,All combined records evaluated by the deterministic screen,9. Deep Shop,bank_log_sale,Compromised bank log sale or discussion,952,167,17.542,1,1,0
full_screened,All combined records evaluated by the deterministic screen,9. Deep Shop,cashout_laundering_service,Cash-out or laundering service,952,116,12.185,6,7,1
full_screened,All combined records evaluated by the deterministic screen,9. Deep Shop,crypto_payment_or_conversion,Cryptocurrency payment or conversion reference,952,117,12.29,4,6,2
full_screened,All combined records evaluated by the deterministic screen,9. Deep Shop,email_access_takeover,Email-access-enabled account takeover,952,62,6.513,10,10,0
full_screened,All combined records evaluated by the deterministic screen,9. Deep Shop,escrow_trust_reputation,"Escrow, trust, reputation, or scam-risk discourse",952,119,12.5,2,5,3
full_screened,All combined records evaluated by the deterministic screen,9. Deep Shop,fullz_identity_package,Fullz or identity package,952,127,13.34,3,2,-1
full_screened,All combined records evaluated by the deterministic screen,9. Deep Shop,jurisdiction_localisation,Jurisdiction-specific bank or account reference,952,120,12.605,7,4,-3
full_screened,All combined records evaluated by the deterministic screen,9. Deep Shop,mule_recruitment,Mule recruitment or account-holder solicitation,952,10,1.05,11,11,0
full_screened,All combined records evaluated by the deterministic screen,9. Deep Shop,telegram_off_platform,Telegram or private-channel coordination reference,952,85,8.929,9,9,0
full_screened,All combined records evaluated by the deterministic screen,9. Deep Shop,tutorial_training_recruitment,"Tutorial, guide, or training content",952,103,10.819,8,8,0
full_screened,All combined records evaluated by the deterministic screen,9. Deep Shop,vulnerable_group_exploitation,Vulnerable group or migrant/student exploitation,952,1,0.105,12,12,0
exact_text_unique_sensitivity,One deterministic representative per combined-text SHA-256 value; sensitivity population only,(no_source),bank_drop_sale,Bank drop sale or bank-drop infrastructure,462,116,25.108,5,6,1
exact_text_unique_sensitivity,One deterministic representative per combined-text SHA-256 value; sensitivity population only,(no_source),bank_log_sale,Compromised bank log sale or discussion,462,177,38.312,1,1,0
exact_text_unique_sensitivity,One deterministic representative per combined-text SHA-256 value; sensitivity population only,(no_source),cashout_laundering_service,Cash-out or laundering service,462,118,25.541,6,5,-1
exact_text_unique_sensitivity,One deterministic representative per combined-text SHA-256 value; sensitivity population only,(no_source),crypto_payment_or_conversion,Cryptocurrency payment or conversion reference,462,126,27.273,4,3,-1
exact_text_unique_sensitivity,One deterministic representative per combined-text SHA-256 value; sensitivity population only,(no_source),email_access_takeover,Email-access-enabled account takeover,462,62,13.42,10,10,0
exact_text_unique_sensitivity,One deterministic representative per combined-text SHA-256 value; sensitivity population only,(no_source),escrow_trust_reputation,"Escrow, trust, reputation, or scam-risk discourse",462,131,28.355,2,2,0
exact_text_unique_sensitivity,One deterministic representative per combined-text SHA-256 value; sensitivity population only,(no_source),fullz_identity_package,Fullz or identity package,462,124,26.84,3,4,1
exact_text_unique_sensitivity,One deterministic representative per combined-text SHA-256 value; sensitivity population only,(no_source),jurisdiction_localisation,Jurisdiction-specific bank or account reference,462,116,25.108,7,7,0
exact_text_unique_sensitivity,One deterministic representative per combined-text SHA-256 value; sensitivity population only,(no_source),mule_recruitment,Mule recruitment or account-holder solicitation,462,9,1.948,11,11,0
exact_text_unique_sensitivity,One deterministic representative per combined-text SHA-256 value; sensitivity population only,(no_source),telegram_off_platform,Telegram or private-channel coordination reference,462,81,17.532,9,9,0
exact_text_unique_sensitivity,One deterministic representative per combined-text SHA-256 value; sensitivity population only,(no_source),tutorial_training_recruitment,"Tutorial, guide, or training content",462,104,22.511,8,8,0
exact_text_unique_sensitivity,One deterministic representative per combined-text SHA-256 value; sensitivity population only,(no_source),vulnerable_group_exploitation,Vulnerable group or migrant/student exploitation,462,0,0.0,12,12,0
exact_text_unique_sensitivity,One deterministic representative per combined-text SHA-256 value; sensitivity population only,1. Dread,bank_drop_sale,Bank drop sale or bank-drop infrastructure,431,102,23.666,5,6,1
exact_text_unique_sensitivity,One deterministic representative per combined-text SHA-256 value; sensitivity population only,1. Dread,bank_log_sale,Compromised bank log sale or discussion,431,166,38.515,1,1,0
exact_text_unique_sensitivity,One deterministic representative per combined-text SHA-256 value; sensitivity population only,1. Dread,cashout_laundering_service,Cash-out or laundering service,431,110,25.522,6,5,-1
exact_text_unique_sensitivity,One deterministic representative per combined-text SHA-256 value; sensitivity population only,1. Dread,crypto_payment_or_conversion,Cryptocurrency payment or conversion reference,431,117,27.146,4,2,-2
exact_text_unique_sensitivity,One deterministic representative per combined-text SHA-256 value; sensitivity population only,1. Dread,email_access_takeover,Email-access-enabled account takeover,431,61,14.153,10,10,0
exact_text_unique_sensitivity,One deterministic representative per combined-text SHA-256 value; sensitivity population only,1. Dread,escrow_trust_reputation,"Escrow, trust, reputation, or scam-risk discourse",431,111,25.754,2,4,2
exact_text_unique_sensitivity,One deterministic representative per combined-text SHA-256 value; sensitivity population only,1. Dread,fullz_identity_package,Fullz or identity package,431,117,27.146,3,3,0
exact_text_unique_sensitivity,One deterministic representative per combined-text SHA-256 value; sensitivity population only,1. Dread,jurisdiction_localisation,Jurisdiction-specific bank or account reference,431,102,23.666,7,7,0
exact_text_unique_sensitivity,One deterministic representative per combined-text SHA-256 value; sensitivity population only,1. Dread,mule_recruitment,Mule recruitment or account-holder solicitation,431,8,1.856,11,11,0
exact_text_unique_sensitivity,One deterministic representative per combined-text SHA-256 value; sensitivity population only,1. Dread,telegram_off_platform,Telegram or private-channel coordination reference,431,73,16.937,9,9,0
exact_text_unique_sensitivity,One deterministic representative per combined-text SHA-256 value; sensitivity population only,1. Dread,tutorial_training_recruitment,"Tutorial, guide, or training content",431,90,20.882,8,8,0
exact_text_unique_sensitivity,One deterministic representative per combined-text SHA-256 value; sensitivity population only,1. Dread,vulnerable_group_exploitation,Vulnerable group or migrant/student exploitation,431,1,0.232,12,12,0
exact_text_unique_sensitivity,One deterministic representative per combined-text SHA-256 value; sensitivity population only,10. Tor Shop,bank_drop_sale,Bank drop sale or bank-drop infrastructure,430,89,20.698,5,8,3
exact_text_unique_sensitivity,One deterministic representative per combined-text SHA-256 value; sensitivity population only,10. Tor Shop,bank_log_sale,Compromised bank log sale or discussion,430,152,35.349,1,1,0
exact_text_unique_sensitivity,One deterministic representative per combined-text SHA-256 value; sensitivity population only,10. Tor Shop,cashout_laundering_service,Cash-out or laundering service,430,111,25.814,6,4,-2
exact_text_unique_sensitivity,One deterministic representative per combined-text SHA-256 value; sensitivity population only,10. Tor Shop,crypto_payment_or_conversion,Cryptocurrency payment or conversion reference,430,113,26.279,4,3,-1
exact_text_unique_sensitivity,One deterministic representative per combined-text SHA-256 value; sensitivity population only,10. Tor Shop,email_access_takeover,Email-access-enabled account takeover,430,57,13.256,10,10,0
exact_text_unique_sensitivity,One deterministic representative per combined-text SHA-256 value; sensitivity population only,10. Tor Shop,escrow_trust_reputation,"Escrow, trust, reputation, or scam-risk discourse",430,133,30.93,2,2,0
exact_text_unique_sensitivity,One deterministic representative per combined-text SHA-256 value; sensitivity population only,10. Tor Shop,fullz_identity_package,Fullz or identity package,430,104,24.186,3,6,3
exact_text_unique_sensitivity,One deterministic representative per combined-text SHA-256 value; sensitivity population only,10. Tor Shop,jurisdiction_localisation,Jurisdiction-specific bank or account reference,430,106,24.651,7,5,-2
exact_text_unique_sensitivity,One deterministic representative per combined-text SHA-256 value; sensitivity population only,10. Tor Shop,mule_recruitment,Mule recruitment or account-holder solicitation,430,10,2.326,11,11,0
exact_text_unique_sensitivity,One deterministic representative per combined-text SHA-256 value; sensitivity population only,10. Tor Shop,telegram_off_platform,Telegram or private-channel coordination reference,430,86,20.0,9,9,0
exact_text_unique_sensitivity,One deterministic representative per combined-text SHA-256 value; sensitivity population only,10. Tor Shop,tutorial_training_recruitment,"Tutorial, guide, or training content",430,95,22.093,8,7,-1
exact_text_unique_sensitivity,One deterministic representative per combined-text SHA-256 value; sensitivity population only,10. Tor Shop,vulnerable_group_exploitation,Vulnerable group or migrant/student exploitation,430,1,0.233,12,12,0
exact_text_unique_sensitivity,One deterministic representative per combined-text SHA-256 value; sensitivity population only,11. Legit Market,bank_drop_sale,Bank drop sale or bank-drop infrastructure,448,110,24.554,5,6,1
exact_text_unique_sensitivity,One deterministic representative per combined-text SHA-256 value; sensitivity population only,11. Legit Market,bank_log_sale,Compromised bank log sale or discussion,448,166,37.054,1,1,0
exact_text_unique_sensitivity,One deterministic representative per combined-text SHA-256 value; sensitivity population only,11. Legit Market,cashout_laundering_service,Cash-out or laundering service,448,117,26.116,6,4,-2
exact_text_unique_sensitivity,One deterministic representative per combined-text SHA-256 value; sensitivity population only,11. Legit Market,crypto_payment_or_conversion,Cryptocurrency payment or conversion reference,448,121,27.009,4,3,-1
exact_text_unique_sensitivity,One deterministic representative per combined-text SHA-256 value; sensitivity population only,11. Legit Market,email_access_takeover,Email-access-enabled account takeover,448,60,13.393,10,10,0
exact_text_unique_sensitivity,One deterministic representative per combined-text SHA-256 value; sensitivity population only,11. Legit Market,escrow_trust_reputation,"Escrow, trust, reputation, or scam-risk discourse",448,113,25.223,2,5,3
exact_text_unique_sensitivity,One deterministic representative per combined-text SHA-256 value; sensitivity population only,11. Legit Market,fullz_identity_package,Fullz or identity package,448,126,28.125,3,2,-1
exact_text_unique_sensitivity,One deterministic representative per combined-text SHA-256 value; sensitivity population only,11. Legit Market,jurisdiction_localisation,Jurisdiction-specific bank or account reference,448,107,23.884,7,7,0
exact_text_unique_sensitivity,One deterministic representative per combined-text SHA-256 value; sensitivity population only,11. Legit Market,mule_recruitment,Mule recruitment or account-holder solicitation,448,10,2.232,11,11,0
exact_text_unique_sensitivity,One deterministic representative per combined-text SHA-256 value; sensitivity population only,11. Legit Market,telegram_off_platform,Telegram or private-channel coordination reference,448,85,18.973,9,9,0
exact_text_unique_sensitivity,One deterministic representative per combined-text SHA-256 value; sensitivity population only,11. Legit Market,tutorial_training_recruitment,"Tutorial, guide, or training content",448,104,23.214,8,8,0
exact_text_unique_sensitivity,One deterministic representative per combined-text SHA-256 value; sensitivity population only,11. Legit Market,vulnerable_group_exploitation,Vulnerable group or migrant/student exploitation,448,1,0.223,12,12,0
exact_text_unique_sensitivity,One deterministic representative per combined-text SHA-256 value; sensitivity population only,12. TORCH Tor Search,bank_drop_sale,Bank drop sale or bank-drop infrastructure,473,119,25.159,5,6,1
exact_text_unique_sensitivity,One deterministic representative per combined-text SHA-256 value; sensitivity population only,12. TORCH Tor Search,bank_log_sale,Compromised bank log sale or discussion,473,179,37.844,1,1,0
exact_text_unique_sensitivity,One deterministic representative per combined-text SHA-256 value; sensitivity population only,12. TORCH Tor Search,cashout_laundering_service,Cash-out or laundering service,473,120,25.37,6,5,-1
exact_text_unique_sensitivity,One deterministic representative per combined-text SHA-256 value; sensitivity population only,12. TORCH Tor Search,crypto_payment_or_conversion,Cryptocurrency payment or conversion reference,473,127,26.85,4,4,0
exact_text_unique_sensitivity,One deterministic representative per combined-text SHA-256 value; sensitivity population only,12. TORCH Tor Search,email_access_takeover,Email-access-enabled account takeover,473,64,13.531,10,10,0
exact_text_unique_sensitivity,One deterministic representative per combined-text SHA-256 value; sensitivity population only,12. TORCH Tor Search,escrow_trust_reputation,"Escrow, trust, reputation, or scam-risk discourse",473,133,28.118,2,2,0
exact_text_unique_sensitivity,One deterministic representative per combined-text SHA-256 value; sensitivity population only,12. TORCH Tor Search,fullz_identity_package,Fullz or identity package,473,128,27.061,3,3,0
exact_text_unique_sensitivity,One deterministic representative per combined-text SHA-256 value; sensitivity population only,12. TORCH Tor Search,jurisdiction_localisation,Jurisdiction-specific bank or account reference,473,119,25.159,7,7,0
exact_text_unique_sensitivity,One deterministic representative per combined-text SHA-256 value; sensitivity population only,12. TORCH Tor Search,mule_recruitment,Mule recruitment or account-holder solicitation,473,10,2.114,11,11,0
exact_text_unique_sensitivity,One deterministic representative per combined-text SHA-256 value; sensitivity population only,12. TORCH Tor Search,telegram_off_platform,Telegram or private-channel coordination reference,473,86,18.182,9,9,0
exact_text_unique_sensitivity,One deterministic representative per combined-text SHA-256 value; sensitivity population only,12. TORCH Tor Search,tutorial_training_recruitment,"Tutorial, guide, or training content",473,107,22.622,8,8,0
exact_text_unique_sensitivity,One deterministic representative per combined-text SHA-256 value; sensitivity population only,12. TORCH Tor Search,vulnerable_group_exploitation,Vulnerable group or migrant/student exploitation,473,1,0.211,12,12,0
exact_text_unique_sensitivity,One deterministic representative per combined-text SHA-256 value; sensitivity population only,13. Bank Logs,bank_drop_sale,Bank drop sale or bank-drop infrastructure,478,121,25.314,5,5,0
exact_text_unique_sensitivity,One deterministic representative per combined-text SHA-256 value; sensitivity population only,13. Bank Logs,bank_log_sale,Compromised bank log sale or discussion,478,181,37.866,1,1,0
exact_text_unique_sensitivity,One deterministic representative per combined-text SHA-256 value; sensitivity population only,13. Bank Logs,cashout_laundering_service,Cash-out or laundering service,478,120,25.105,6,6,0
exact_text_unique_sensitivity,One deterministic representative per combined-text SHA-256 value; sensitivity population only,13. Bank Logs,crypto_payment_or_conversion,Cryptocurrency payment or conversion reference,478,127,26.569,4,4,0
exact_text_unique_sensitivity,One deterministic representative per combined-text SHA-256 value; sensitivity population only,13. Bank Logs,email_access_takeover,Email-access-enabled account takeover,478,64,13.389,10,10,0
exact_text_unique_sensitivity,One deterministic representative per combined-text SHA-256 value; sensitivity population only,13. Bank Logs,escrow_trust_reputation,"Escrow, trust, reputation, or scam-risk discourse",478,133,27.824,2,2,0
exact_text_unique_sensitivity,One deterministic representative per combined-text SHA-256 value; sensitivity population only,13. Bank Logs,fullz_identity_package,Fullz or identity package,478,128,26.778,3,3,0
exact_text_unique_sensitivity,One deterministic representative per combined-text SHA-256 value; sensitivity population only,13. Bank Logs,jurisdiction_localisation,Jurisdiction-specific bank or account reference,478,119,24.895,7,7,0
exact_text_unique_sensitivity,One deterministic representative per combined-text SHA-256 value; sensitivity population only,13. Bank Logs,mule_recruitment,Mule recruitment or account-holder solicitation,478,10,2.092,11,11,0
exact_text_unique_sensitivity,One deterministic representative per combined-text SHA-256 value; sensitivity population only,13. Bank Logs,telegram_off_platform,Telegram or private-channel coordination reference,478,86,17.992,9,9,0
exact_text_unique_sensitivity,One deterministic representative per combined-text SHA-256 value; sensitivity population only,13. Bank Logs,tutorial_training_recruitment,"Tutorial, guide, or training content",478,107,22.385,8,8,0
exact_text_unique_sensitivity,One deterministic representative per combined-text SHA-256 value; sensitivity population only,13. Bank Logs,vulnerable_group_exploitation,Vulnerable group or migrant/student exploitation,478,1,0.209,12,12,0
exact_text_unique_sensitivity,One deterministic representative per combined-text SHA-256 value; sensitivity population only,14. Lonely Road,bank_drop_sale,Bank drop sale or bank-drop infrastructure,475,121,25.474,5,5,0
exact_text_unique_sensitivity,One deterministic representative per combined-text SHA-256 value; sensitivity population only,14. Lonely Road,bank_log_sale,Compromised bank log sale or discussion,475,180,37.895,1,1,0
exact_text_unique_sensitivity,One deterministic representative per combined-text SHA-256 value; sensitivity population only,14. Lonely Road,cashout_laundering_service,Cash-out or laundering service,475,120,25.263,6,6,0
exact_text_unique_sensitivity,One deterministic representative per combined-text SHA-256 value; sensitivity population only,14. Lonely Road,crypto_payment_or_conversion,Cryptocurrency payment or conversion reference,475,124,26.105,4,4,0
exact_text_unique_sensitivity,One deterministic representative per combined-text SHA-256 value; sensitivity population only,14. Lonely Road,email_access_takeover,Email-access-enabled account takeover,475,64,13.474,10,10,0
exact_text_unique_sensitivity,One deterministic representative per combined-text SHA-256 value; sensitivity population only,14. Lonely Road,escrow_trust_reputation,"Escrow, trust, reputation, or scam-risk discourse",475,133,28.0,2,2,0
exact_text_unique_sensitivity,One deterministic representative per combined-text SHA-256 value; sensitivity population only,14. Lonely Road,fullz_identity_package,Fullz or identity package,475,128,26.947,3,3,0
exact_text_unique_sensitivity,One deterministic representative per combined-text SHA-256 value; sensitivity population only,14. Lonely Road,jurisdiction_localisation,Jurisdiction-specific bank or account reference,475,118,24.842,7,7,0
exact_text_unique_sensitivity,One deterministic representative per combined-text SHA-256 value; sensitivity population only,14. Lonely Road,mule_recruitment,Mule recruitment or account-holder solicitation,475,10,2.105,11,11,0
exact_text_unique_sensitivity,One deterministic representative per combined-text SHA-256 value; sensitivity population only,14. Lonely Road,telegram_off_platform,Telegram or private-channel coordination reference,475,86,18.105,9,9,0
exact_text_unique_sensitivity,One deterministic representative per combined-text SHA-256 value; sensitivity population only,14. Lonely Road,tutorial_training_recruitment,"Tutorial, guide, or training content",475,107,22.526,8,8,0
exact_text_unique_sensitivity,One deterministic representative per combined-text SHA-256 value; sensitivity population only,14. Lonely Road,vulnerable_group_exploitation,Vulnerable group or migrant/student exploitation,475,1,0.211,12,12,0
exact_text_unique_sensitivity,One deterministic representative per combined-text SHA-256 value; sensitivity population only,15. Tenebris,bank_drop_sale,Bank drop sale or bank-drop infrastructure,473,120,25.37,5,5,0
exact_text_unique_sensitivity,One deterministic representative per combined-text SHA-256 value; sensitivity population only,15. Tenebris,bank_log_sale,Compromised bank log sale or discussion,473,178,37.632,1,1,0
exact_text_unique_sensitivity,One deterministic representative per combined-text SHA-256 value; sensitivity population only,15. Tenebris,cashout_laundering_service,Cash-out or laundering service,473,117,24.736,6,7,1
exact_text_unique_sensitivity,One deterministic representative per combined-text SHA-256 value; sensitivity population only,15. Tenebris,crypto_payment_or_conversion,Cryptocurrency payment or conversion reference,473,123,26.004,4,4,0
exact_text_unique_sensitivity,One deterministic representative per combined-text SHA-256 value; sensitivity population only,15. Tenebris,email_access_takeover,Email-access-enabled account takeover,473,63,13.319,10,10,0
exact_text_unique_sensitivity,One deterministic representative per combined-text SHA-256 value; sensitivity population only,15. Tenebris,escrow_trust_reputation,"Escrow, trust, reputation, or scam-risk discourse",473,130,27.484,2,2,0
exact_text_unique_sensitivity,One deterministic representative per combined-text SHA-256 value; sensitivity population only,15. Tenebris,fullz_identity_package,Fullz or identity package,473,128,27.061,3,3,0
exact_text_unique_sensitivity,One deterministic representative per combined-text SHA-256 value; sensitivity population only,15. Tenebris,jurisdiction_localisation,Jurisdiction-specific bank or account reference,473,118,24.947,7,6,-1
exact_text_unique_sensitivity,One deterministic representative per combined-text SHA-256 value; sensitivity population only,15. Tenebris,mule_recruitment,Mule recruitment or account-holder solicitation,473,10,2.114,11,11,0
exact_text_unique_sensitivity,One deterministic representative per combined-text SHA-256 value; sensitivity population only,15. Tenebris,telegram_off_platform,Telegram or private-channel coordination reference,473,82,17.336,9,9,0
exact_text_unique_sensitivity,One deterministic representative per combined-text SHA-256 value; sensitivity population only,15. Tenebris,tutorial_training_recruitment,"Tutorial, guide, or training content",473,104,21.987,8,8,0
exact_text_unique_sensitivity,One deterministic representative per combined-text SHA-256 value; sensitivity population only,15. Tenebris,vulnerable_group_exploitation,Vulnerable group or migrant/student exploitation,473,1,0.211,12,12,0
exact_text_unique_sensitivity,One deterministic representative per combined-text SHA-256 value; sensitivity population only,17.  XmrBazaar,bank_drop_sale,Bank drop sale or bank-drop infrastructure,476,120,25.21,5,5,0
exact_text_unique_sensitivity,One deterministic representative per combined-text SHA-256 value; sensitivity population only,17.  XmrBazaar,bank_log_sale,Compromised bank log sale or discussion,476,181,38.025,1,1,0
exact_text_unique_sensitivity,One deterministic representative per combined-text SHA-256 value; sensitivity population only,17.  XmrBazaar,cashout_laundering_service,Cash-out or laundering service,476,120,25.21,6,6,0
exact_text_unique_sensitivity,One deterministic representative per combined-text SHA-256 value; sensitivity population only,17.  XmrBazaar,crypto_payment_or_conversion,Cryptocurrency payment or conversion reference,476,125,26.261,4,4,0
exact_text_unique_sensitivity,One deterministic representative per combined-text SHA-256 value; sensitivity population only,17.  XmrBazaar,email_access_takeover,Email-access-enabled account takeover,476,64,13.445,10,10,0
exact_text_unique_sensitivity,One deterministic representative per combined-text SHA-256 value; sensitivity population only,17.  XmrBazaar,escrow_trust_reputation,"Escrow, trust, reputation, or scam-risk discourse",476,132,27.731,2,2,0
exact_text_unique_sensitivity,One deterministic representative per combined-text SHA-256 value; sensitivity population only,17.  XmrBazaar,fullz_identity_package,Fullz or identity package,476,128,26.891,3,3,0
exact_text_unique_sensitivity,One deterministic representative per combined-text SHA-256 value; sensitivity population only,17.  XmrBazaar,jurisdiction_localisation,Jurisdiction-specific bank or account reference,476,119,25.0,7,7,0
exact_text_unique_sensitivity,One deterministic representative per combined-text SHA-256 value; sensitivity population only,17.  XmrBazaar,mule_recruitment,Mule recruitment or account-holder solicitation,476,10,2.101,11,11,0
exact_text_unique_sensitivity,One deterministic representative per combined-text SHA-256 value; sensitivity population only,17.  XmrBazaar,telegram_off_platform,Telegram or private-channel coordination reference,476,86,18.067,9,9,0
exact_text_unique_sensitivity,One deterministic representative per combined-text SHA-256 value; sensitivity population only,17.  XmrBazaar,tutorial_training_recruitment,"Tutorial, guide, or training content",476,106,22.269,8,8,0
exact_text_unique_sensitivity,One deterministic representative per combined-text SHA-256 value; sensitivity population only,17.  XmrBazaar,vulnerable_group_exploitation,Vulnerable group or migrant/student exploitation,476,1,0.21,12,12,0
exact_text_unique_sensitivity,One deterministic representative per combined-text SHA-256 value; sensitivity population only,2. Altenen,bank_drop_sale,Bank drop sale or bank-drop infrastructure,443,119,26.862,5,3,-2
exact_text_unique_sensitivity,One deterministic representative per combined-text SHA-256 value; sensitivity population only,2. Altenen,bank_log_sale,Compromised bank log sale or discussion,443,166,37.472,1,1,0
exact_text_unique_sensitivity,One deterministic representative per combined-text SHA-256 value; sensitivity population only,2. Altenen,cashout_laundering_service,Cash-out or laundering service,443,111,25.056,6,6,0
exact_text_unique_sensitivity,One deterministic representative per combined-text SHA-256 value; sensitivity population only,2. Altenen,crypto_payment_or_conversion,Cryptocurrency payment or conversion reference,443,114,25.734,4,5,1
exact_text_unique_sensitivity,One deterministic representative per combined-text SHA-256 value; sensitivity population only,2. Altenen,email_access_takeover,Email-access-enabled account takeover,443,60,13.544,10,10,0
exact_text_unique_sensitivity,One deterministic representative per combined-text SHA-256 value; sensitivity population only,2. Altenen,escrow_trust_reputation,"Escrow, trust, reputation, or scam-risk discourse",443,130,29.345,2,2,0
exact_text_unique_sensitivity,One deterministic representative per combined-text SHA-256 value; sensitivity population only,2. Altenen,fullz_identity_package,Fullz or identity package,443,109,24.605,3,7,4
exact_text_unique_sensitivity,One deterministic representative per combined-text SHA-256 value; sensitivity population only,2. Altenen,jurisdiction_localisation,Jurisdiction-specific bank or account reference,443,119,26.862,7,4,-3
exact_text_unique_sensitivity,One deterministic representative per combined-text SHA-256 value; sensitivity population only,2. Altenen,mule_recruitment,Mule recruitment or account-holder solicitation,443,7,1.58,11,11,0
exact_text_unique_sensitivity,One deterministic representative per combined-text SHA-256 value; sensitivity population only,2. Altenen,telegram_off_platform,Telegram or private-channel coordination reference,443,68,15.35,9,9,0
exact_text_unique_sensitivity,One deterministic representative per combined-text SHA-256 value; sensitivity population only,2. Altenen,tutorial_training_recruitment,"Tutorial, guide, or training content",443,88,19.865,8,8,0
exact_text_unique_sensitivity,One deterministic representative per combined-text SHA-256 value; sensitivity population only,2. Altenen,vulnerable_group_exploitation,Vulnerable group or migrant/student exploitation,443,1,0.226,12,12,0
exact_text_unique_sensitivity,One deterministic representative per combined-text SHA-256 value; sensitivity population only,3. Pitch,bank_drop_sale,Bank drop sale or bank-drop infrastructure,411,109,26.521,5,5,0
exact_text_unique_sensitivity,One deterministic representative per combined-text SHA-256 value; sensitivity population only,3. Pitch,bank_log_sale,Compromised bank log sale or discussion,411,166,40.389,1,1,0
exact_text_unique_sensitivity,One deterministic representative per combined-text SHA-256 value; sensitivity population only,3. Pitch,cashout_laundering_service,Cash-out or laundering service,411,108,26.277,6,6,0
exact_text_unique_sensitivity,One deterministic representative per combined-text SHA-256 value; sensitivity population only,3. Pitch,crypto_payment_or_conversion,Cryptocurrency payment or conversion reference,411,111,27.007,4,4,0
exact_text_unique_sensitivity,One deterministic representative per combined-text SHA-256 value; sensitivity population only,3. Pitch,email_access_takeover,Email-access-enabled account takeover,411,55,13.382,10,10,0
exact_text_unique_sensitivity,One deterministic representative per combined-text SHA-256 value; sensitivity population only,3. Pitch,escrow_trust_reputation,"Escrow, trust, reputation, or scam-risk discourse",411,114,27.737,2,3,1
exact_text_unique_sensitivity,One deterministic representative per combined-text SHA-256 value; sensitivity population only,3. Pitch,fullz_identity_package,Fullz or identity package,411,116,28.224,3,2,-1
exact_text_unique_sensitivity,One deterministic representative per combined-text SHA-256 value; sensitivity population only,3. Pitch,jurisdiction_localisation,Jurisdiction-specific bank or account reference,411,106,25.791,7,7,0
exact_text_unique_sensitivity,One deterministic representative per combined-text SHA-256 value; sensitivity population only,3. Pitch,mule_recruitment,Mule recruitment or account-holder solicitation,411,7,1.703,11,11,0
exact_text_unique_sensitivity,One deterministic representative per combined-text SHA-256 value; sensitivity population only,3. Pitch,telegram_off_platform,Telegram or private-channel coordination reference,411,67,16.302,9,9,0
exact_text_unique_sensitivity,One deterministic representative per combined-text SHA-256 value; sensitivity population only,3. Pitch,tutorial_training_recruitment,"Tutorial, guide, or training content",411,87,21.168,8,8,0
exact_text_unique_sensitivity,One deterministic representative per combined-text SHA-256 value; sensitivity population only,3. Pitch,vulnerable_group_exploitation,Vulnerable group or migrant/student exploitation,411,1,0.243,12,12,0
exact_text_unique_sensitivity,One deterministic representative per combined-text SHA-256 value; sensitivity population only,4. Caders Heven,bank_drop_sale,Bank drop sale or bank-drop infrastructure,446,115,25.785,5,5,0
exact_text_unique_sensitivity,One deterministic representative per combined-text SHA-256 value; sensitivity population only,4. Caders Heven,bank_log_sale,Compromised bank log sale or discussion,446,153,34.305,1,1,0
exact_text_unique_sensitivity,One deterministic representative per combined-text SHA-256 value; sensitivity population only,4. Caders Heven,cashout_laundering_service,Cash-out or laundering service,446,98,21.973,6,8,2
exact_text_unique_sensitivity,One deterministic representative per combined-text SHA-256 value; sensitivity population only,4. Caders Heven,crypto_payment_or_conversion,Cryptocurrency payment or conversion reference,446,103,23.094,4,7,3
exact_text_unique_sensitivity,One deterministic representative per combined-text SHA-256 value; sensitivity population only,4. Caders Heven,email_access_takeover,Email-access-enabled account takeover,446,60,13.453,10,10,0
exact_text_unique_sensitivity,One deterministic representative per combined-text SHA-256 value; sensitivity population only,4. Caders Heven,escrow_trust_reputation,"Escrow, trust, reputation, or scam-risk discourse",446,132,29.596,2,2,0
exact_text_unique_sensitivity,One deterministic representative per combined-text SHA-256 value; sensitivity population only,4. Caders Heven,fullz_identity_package,Fullz or identity package,446,116,26.009,3,4,1
exact_text_unique_sensitivity,One deterministic representative per combined-text SHA-256 value; sensitivity population only,4. Caders Heven,jurisdiction_localisation,Jurisdiction-specific bank or account reference,446,117,26.233,7,3,-4
exact_text_unique_sensitivity,One deterministic representative per combined-text SHA-256 value; sensitivity population only,4. Caders Heven,mule_recruitment,Mule recruitment or account-holder solicitation,446,10,2.242,11,11,0
exact_text_unique_sensitivity,One deterministic representative per combined-text SHA-256 value; sensitivity population only,4. Caders Heven,telegram_off_platform,Telegram or private-channel coordination reference,446,86,19.283,9,9,0
exact_text_unique_sensitivity,One deterministic representative per combined-text SHA-256 value; sensitivity population only,4. Caders Heven,tutorial_training_recruitment,"Tutorial, guide, or training content",446,105,23.543,8,6,-2
exact_text_unique_sensitivity,One deterministic representative per combined-text SHA-256 value; sensitivity population only,4. Caders Heven,vulnerable_group_exploitation,Vulnerable group or migrant/student exploitation,446,1,0.224,12,12,0
exact_text_unique_sensitivity,One deterministic representative per combined-text SHA-256 value; sensitivity population only,5. CardPro,bank_drop_sale,Bank drop sale or bank-drop infrastructure,432,115,26.62,5,5,0
exact_text_unique_sensitivity,One deterministic representative per combined-text SHA-256 value; sensitivity population only,5. CardPro,bank_log_sale,Compromised bank log sale or discussion,432,179,41.435,1,1,0
exact_text_unique_sensitivity,One deterministic representative per combined-text SHA-256 value; sensitivity population only,5. CardPro,cashout_laundering_service,Cash-out or laundering service,432,88,20.37,6,8,2
exact_text_unique_sensitivity,One deterministic representative per combined-text SHA-256 value; sensitivity population only,5. CardPro,crypto_payment_or_conversion,Cryptocurrency payment or conversion reference,432,120,27.778,4,4,0
exact_text_unique_sensitivity,One deterministic representative per combined-text SHA-256 value; sensitivity population only,5. CardPro,email_access_takeover,Email-access-enabled account takeover,432,64,14.815,10,9,-1
exact_text_unique_sensitivity,One deterministic representative per combined-text SHA-256 value; sensitivity population only,5. CardPro,escrow_trust_reputation,"Escrow, trust, reputation, or scam-risk discourse",432,129,29.861,2,2,0
exact_text_unique_sensitivity,One deterministic representative per combined-text SHA-256 value; sensitivity population only,5. CardPro,fullz_identity_package,Fullz or identity package,432,123,28.472,3,3,0
exact_text_unique_sensitivity,One deterministic representative per combined-text SHA-256 value; sensitivity population only,5. CardPro,jurisdiction_localisation,Jurisdiction-specific bank or account reference,432,108,25.0,7,6,-1
exact_text_unique_sensitivity,One deterministic representative per combined-text SHA-256 value; sensitivity population only,5. CardPro,mule_recruitment,Mule recruitment or account-holder solicitation,432,9,2.083,11,11,0
exact_text_unique_sensitivity,One deterministic representative per combined-text SHA-256 value; sensitivity population only,5. CardPro,telegram_off_platform,Telegram or private-channel coordination reference,432,64,14.815,9,10,1
exact_text_unique_sensitivity,One deterministic representative per combined-text SHA-256 value; sensitivity population only,5. CardPro,tutorial_training_recruitment,"Tutorial, guide, or training content",432,104,24.074,8,7,-1
exact_text_unique_sensitivity,One deterministic representative per combined-text SHA-256 value; sensitivity population only,5. CardPro,vulnerable_group_exploitation,Vulnerable group or migrant/student exploitation,432,1,0.231,12,12,0
exact_text_unique_sensitivity,One deterministic representative per combined-text SHA-256 value; sensitivity population only,6. The X Wave Market,bank_drop_sale,Bank drop sale or bank-drop infrastructure,431,112,25.986,5,4,-1
exact_text_unique_sensitivity,One deterministic representative per combined-text SHA-256 value; sensitivity population only,6. The X Wave Market,bank_log_sale,Compromised bank log sale or discussion,431,176,40.835,1,1,0
exact_text_unique_sensitivity,One deterministic representative per combined-text SHA-256 value; sensitivity population only,6. The X Wave Market,cashout_laundering_service,Cash-out or laundering service,431,110,25.522,6,5,-1
exact_text_unique_sensitivity,One deterministic representative per combined-text SHA-256 value; sensitivity population only,6. The X Wave Market,crypto_payment_or_conversion,Cryptocurrency payment or conversion reference,431,117,27.146,4,2,-2
exact_text_unique_sensitivity,One deterministic representative per combined-text SHA-256 value; sensitivity population only,6. The X Wave Market,email_access_takeover,Email-access-enabled account takeover,431,61,14.153,10,10,0
exact_text_unique_sensitivity,One deterministic representative per combined-text SHA-256 value; sensitivity population only,6. The X Wave Market,escrow_trust_reputation,"Escrow, trust, reputation, or scam-risk discourse",431,92,21.346,2,8,6
exact_text_unique_sensitivity,One deterministic representative per combined-text SHA-256 value; sensitivity population only,6. The X Wave Market,fullz_identity_package,Fullz or identity package,431,108,25.058,3,6,3
exact_text_unique_sensitivity,One deterministic representative per combined-text SHA-256 value; sensitivity population only,6. The X Wave Market,jurisdiction_localisation,Jurisdiction-specific bank or account reference,431,113,26.218,7,3,-4
exact_text_unique_sensitivity,One deterministic representative per combined-text SHA-256 value; sensitivity population only,6. The X Wave Market,mule_recruitment,Mule recruitment or account-holder solicitation,431,10,2.32,11,11,0
exact_text_unique_sensitivity,One deterministic representative per combined-text SHA-256 value; sensitivity population only,6. The X Wave Market,telegram_off_platform,Telegram or private-channel coordination reference,431,86,19.954,9,9,0
exact_text_unique_sensitivity,One deterministic representative per combined-text SHA-256 value; sensitivity population only,6. The X Wave Market,tutorial_training_recruitment,"Tutorial, guide, or training content",431,97,22.506,8,7,-1
exact_text_unique_sensitivity,One deterministic representative per combined-text SHA-256 value; sensitivity population only,6. The X Wave Market,vulnerable_group_exploitation,Vulnerable group or migrant/student exploitation,431,1,0.232,12,12,0
exact_text_unique_sensitivity,One deterministic representative per combined-text SHA-256 value; sensitivity population only,7. Meta Banklogs,bank_drop_sale,Bank drop sale or bank-drop infrastructure,441,107,24.263,5,6,1
exact_text_unique_sensitivity,One deterministic representative per combined-text SHA-256 value; sensitivity population only,7. Meta Banklogs,bank_log_sale,Compromised bank log sale or discussion,441,153,34.694,1,1,0
exact_text_unique_sensitivity,One deterministic representative per combined-text SHA-256 value; sensitivity population only,7. Meta Banklogs,cashout_laundering_service,Cash-out or laundering service,441,116,26.304,6,4,-2
exact_text_unique_sensitivity,One deterministic representative per combined-text SHA-256 value; sensitivity population only,7. Meta Banklogs,crypto_payment_or_conversion,Cryptocurrency payment or conversion reference,441,121,27.438,4,3,-1
exact_text_unique_sensitivity,One deterministic representative per combined-text SHA-256 value; sensitivity population only,7. Meta Banklogs,email_access_takeover,Email-access-enabled account takeover,441,43,9.751,10,10,0
exact_text_unique_sensitivity,One deterministic representative per combined-text SHA-256 value; sensitivity population only,7. Meta Banklogs,escrow_trust_reputation,"Escrow, trust, reputation, or scam-risk discourse",441,132,29.932,2,2,0
exact_text_unique_sensitivity,One deterministic representative per combined-text SHA-256 value; sensitivity population only,7. Meta Banklogs,fullz_identity_package,Fullz or identity package,441,116,26.304,3,5,2
exact_text_unique_sensitivity,One deterministic representative per combined-text SHA-256 value; sensitivity population only,7. Meta Banklogs,jurisdiction_localisation,Jurisdiction-specific bank or account reference,441,84,19.048,7,8,1
exact_text_unique_sensitivity,One deterministic representative per combined-text SHA-256 value; sensitivity population only,7. Meta Banklogs,mule_recruitment,Mule recruitment or account-holder solicitation,441,10,2.268,11,11,0
exact_text_unique_sensitivity,One deterministic representative per combined-text SHA-256 value; sensitivity population only,7. Meta Banklogs,telegram_off_platform,Telegram or private-channel coordination reference,441,84,19.048,9,9,0
exact_text_unique_sensitivity,One deterministic representative per combined-text SHA-256 value; sensitivity population only,7. Meta Banklogs,tutorial_training_recruitment,"Tutorial, guide, or training content",441,101,22.902,8,7,-1
exact_text_unique_sensitivity,One deterministic representative per combined-text SHA-256 value; sensitivity population only,7. Meta Banklogs,vulnerable_group_exploitation,Vulnerable group or migrant/student exploitation,441,1,0.227,12,12,0
exact_text_unique_sensitivity,One deterministic representative per combined-text SHA-256 value; sensitivity population only,8. Secure ccSeller,bank_drop_sale,Bank drop sale or bank-drop infrastructure,466,120,25.751,5,5,0
exact_text_unique_sensitivity,One deterministic representative per combined-text SHA-256 value; sensitivity population only,8. Secure ccSeller,bank_log_sale,Compromised bank log sale or discussion,466,177,37.983,1,1,0
exact_text_unique_sensitivity,One deterministic representative per combined-text SHA-256 value; sensitivity population only,8. Secure ccSeller,cashout_laundering_service,Cash-out or laundering service,466,120,25.751,6,6,0
exact_text_unique_sensitivity,One deterministic representative per combined-text SHA-256 value; sensitivity population only,8. Secure ccSeller,crypto_payment_or_conversion,Cryptocurrency payment or conversion reference,466,126,27.039,4,3,-1
exact_text_unique_sensitivity,One deterministic representative per combined-text SHA-256 value; sensitivity population only,8. Secure ccSeller,email_access_takeover,Email-access-enabled account takeover,466,60,12.876,10,10,0
exact_text_unique_sensitivity,One deterministic representative per combined-text SHA-256 value; sensitivity population only,8. Secure ccSeller,escrow_trust_reputation,"Escrow, trust, reputation, or scam-risk discourse",466,132,28.326,2,2,0
exact_text_unique_sensitivity,One deterministic representative per combined-text SHA-256 value; sensitivity population only,8. Secure ccSeller,fullz_identity_package,Fullz or identity package,466,122,26.18,3,4,1
exact_text_unique_sensitivity,One deterministic representative per combined-text SHA-256 value; sensitivity population only,8. Secure ccSeller,jurisdiction_localisation,Jurisdiction-specific bank or account reference,466,114,24.464,7,7,0
exact_text_unique_sensitivity,One deterministic representative per combined-text SHA-256 value; sensitivity population only,8. Secure ccSeller,mule_recruitment,Mule recruitment or account-holder solicitation,466,10,2.146,11,11,0
exact_text_unique_sensitivity,One deterministic representative per combined-text SHA-256 value; sensitivity population only,8. Secure ccSeller,telegram_off_platform,Telegram or private-channel coordination reference,466,86,18.455,9,9,0
exact_text_unique_sensitivity,One deterministic representative per combined-text SHA-256 value; sensitivity population only,8. Secure ccSeller,tutorial_training_recruitment,"Tutorial, guide, or training content",466,103,22.103,8,8,0
exact_text_unique_sensitivity,One deterministic representative per combined-text SHA-256 value; sensitivity population only,8. Secure ccSeller,vulnerable_group_exploitation,Vulnerable group or migrant/student exploitation,466,1,0.215,12,12,0
exact_text_unique_sensitivity,One deterministic representative per combined-text SHA-256 value; sensitivity population only,9. Deep Shop,bank_drop_sale,Bank drop sale or bank-drop infrastructure,448,121,27.009,5,3,-2
exact_text_unique_sensitivity,One deterministic representative per combined-text SHA-256 value; sensitivity population only,9. Deep Shop,bank_log_sale,Compromised bank log sale or discussion,448,166,37.054,1,1,0
exact_text_unique_sensitivity,One deterministic representative per combined-text SHA-256 value; sensitivity population only,9. Deep Shop,cashout_laundering_service,Cash-out or laundering service,448,116,25.893,6,7,1
exact_text_unique_sensitivity,One deterministic representative per combined-text SHA-256 value; sensitivity population only,9. Deep Shop,crypto_payment_or_conversion,Cryptocurrency payment or conversion reference,448,117,26.116,4,6,2
exact_text_unique_sensitivity,One deterministic representative per combined-text SHA-256 value; sensitivity population only,9. Deep Shop,email_access_takeover,Email-access-enabled account takeover,448,62,13.839,10,10,0
exact_text_unique_sensitivity,One deterministic representative per combined-text SHA-256 value; sensitivity population only,9. Deep Shop,escrow_trust_reputation,"Escrow, trust, reputation, or scam-risk discourse",448,118,26.339,2,5,3
exact_text_unique_sensitivity,One deterministic representative per combined-text SHA-256 value; sensitivity population only,9. Deep Shop,fullz_identity_package,Fullz or identity package,448,127,28.348,3,2,-1
exact_text_unique_sensitivity,One deterministic representative per combined-text SHA-256 value; sensitivity population only,9. Deep Shop,jurisdiction_localisation,Jurisdiction-specific bank or account reference,448,119,26.562,7,4,-3
exact_text_unique_sensitivity,One deterministic representative per combined-text SHA-256 value; sensitivity population only,9. Deep Shop,mule_recruitment,Mule recruitment or account-holder solicitation,448,10,2.232,11,11,0
exact_text_unique_sensitivity,One deterministic representative per combined-text SHA-256 value; sensitivity population only,9. Deep Shop,telegram_off_platform,Telegram or private-channel coordination reference,448,84,18.75,9,9,0
exact_text_unique_sensitivity,One deterministic representative per combined-text SHA-256 value; sensitivity population only,9. Deep Shop,tutorial_training_recruitment,"Tutorial, guide, or training content",448,103,22.991,8,8,0
exact_text_unique_sensitivity,One deterministic representative per combined-text SHA-256 value; sensitivity population only,9. Deep Shop,vulnerable_group_exploitation,Vulnerable group or migrant/student exploitation,448,1,0.223,12,12,0
