population,population_definition,denominator_n,code_a,label_a,code_b,label_b,code_a_present_n,code_b_present_n,n11_both_present,n10_a_only,n01_b_only,n00_neither,jaccard,lift
full_screened,All combined records evaluated by the deterministic screen,980,bank_drop_sale,Bank drop sale or bank-drop infrastructure,bank_log_sale,Compromised bank log sale or discussion,116,178,76,40,102,762,0.348624,3.607129
full_screened,All combined records evaluated by the deterministic screen,980,bank_drop_sale,Bank drop sale or bank-drop infrastructure,cashout_laundering_service,Cash-out or laundering service,116,118,31,85,87,777,0.152709,2.219462
full_screened,All combined records evaluated by the deterministic screen,980,bank_drop_sale,Bank drop sale or bank-drop infrastructure,crypto_payment_or_conversion,Cryptocurrency payment or conversion reference,116,126,38,78,88,776,0.186275,2.547893
full_screened,All combined records evaluated by the deterministic screen,980,bank_drop_sale,Bank drop sale or bank-drop infrastructure,email_access_takeover,Email-access-enabled account takeover,116,62,28,88,34,830,0.186667,3.81535
full_screened,All combined records evaluated by the deterministic screen,980,bank_drop_sale,Bank drop sale or bank-drop infrastructure,escrow_trust_reputation,"Escrow, trust, reputation, or scam-risk discourse",116,121,33,83,88,776,0.161765,2.304075
full_screened,All combined records evaluated by the deterministic screen,980,bank_drop_sale,Bank drop sale or bank-drop infrastructure,fullz_identity_package,Fullz or identity package,116,124,60,56,64,800,0.333333,4.087875
full_screened,All combined records evaluated by the deterministic screen,980,bank_drop_sale,Bank drop sale or bank-drop infrastructure,jurisdiction_localisation,Jurisdiction-specific bank or account reference,116,117,62,54,55,809,0.362573,4.476864
full_screened,All combined records evaluated by the deterministic screen,980,bank_drop_sale,Bank drop sale or bank-drop infrastructure,mule_recruitment,Mule recruitment or account-holder solicitation,116,9,4,112,5,859,0.033058,3.754789
full_screened,All combined records evaluated by the deterministic screen,980,bank_drop_sale,Bank drop sale or bank-drop infrastructure,telegram_off_platform,Telegram or private-channel coordination reference,116,82,13,103,69,795,0.07027,1.339361
full_screened,All combined records evaluated by the deterministic screen,980,bank_drop_sale,Bank drop sale or bank-drop infrastructure,tutorial_training_recruitment,"Tutorial, guide, or training content",116,104,38,78,66,798,0.208791,3.08687
full_screened,All combined records evaluated by the deterministic screen,980,bank_log_sale,Compromised bank log sale or discussion,cashout_laundering_service,Cash-out or laundering service,178,118,66,112,52,750,0.286957,3.079413
full_screened,All combined records evaluated by the deterministic screen,980,bank_log_sale,Compromised bank log sale or discussion,crypto_payment_or_conversion,Cryptocurrency payment or conversion reference,178,126,77,101,49,753,0.339207,3.364544
full_screened,All combined records evaluated by the deterministic screen,980,bank_log_sale,Compromised bank log sale or discussion,email_access_takeover,Email-access-enabled account takeover,178,62,53,125,9,793,0.283422,4.706415
full_screened,All combined records evaluated by the deterministic screen,980,bank_log_sale,Compromised bank log sale or discussion,escrow_trust_reputation,"Escrow, trust, reputation, or scam-risk discourse",178,121,48,130,73,729,0.191235,2.184047
full_screened,All combined records evaluated by the deterministic screen,980,bank_log_sale,Compromised bank log sale or discussion,fullz_identity_package,Fullz or identity package,178,124,60,118,64,738,0.247934,2.664009
full_screened,All combined records evaluated by the deterministic screen,980,bank_log_sale,Compromised bank log sale or discussion,jurisdiction_localisation,Jurisdiction-specific bank or account reference,178,117,74,104,43,759,0.334842,3.482186
full_screened,All combined records evaluated by the deterministic screen,980,bank_log_sale,Compromised bank log sale or discussion,mule_recruitment,Mule recruitment or account-holder solicitation,178,9,7,171,2,800,0.038889,4.282147
full_screened,All combined records evaluated by the deterministic screen,980,bank_log_sale,Compromised bank log sale or discussion,telegram_off_platform,Telegram or private-channel coordination reference,178,82,24,154,58,744,0.101695,1.6114
full_screened,All combined records evaluated by the deterministic screen,980,bank_log_sale,Compromised bank log sale or discussion,tutorial_training_recruitment,"Tutorial, guide, or training content",178,104,62,116,42,760,0.281818,3.282195
full_screened,All combined records evaluated by the deterministic screen,980,cashout_laundering_service,Cash-out or laundering service,crypto_payment_or_conversion,Cryptocurrency payment or conversion reference,118,126,59,59,67,795,0.318919,3.888889
full_screened,All combined records evaluated by the deterministic screen,980,cashout_laundering_service,Cash-out or laundering service,email_access_takeover,Email-access-enabled account takeover,118,62,15,103,47,815,0.090909,2.009295
full_screened,All combined records evaluated by the deterministic screen,980,cashout_laundering_service,Cash-out or laundering service,escrow_trust_reputation,"Escrow, trust, reputation, or scam-risk discourse",118,121,32,86,89,773,0.154589,2.196386
full_screened,All combined records evaluated by the deterministic screen,980,cashout_laundering_service,Cash-out or laundering service,fullz_identity_package,Fullz or identity package,118,124,34,84,90,772,0.163462,2.277201
full_screened,All combined records evaluated by the deterministic screen,980,cashout_laundering_service,Cash-out or laundering service,jurisdiction_localisation,Jurisdiction-specific bank or account reference,118,117,33,85,84,778,0.163366,2.34246
full_screened,All combined records evaluated by the deterministic screen,980,cashout_laundering_service,Cash-out or laundering service,mule_recruitment,Mule recruitment or account-holder solicitation,118,9,7,111,2,860,0.058333,6.45951
full_screened,All combined records evaluated by the deterministic screen,980,cashout_laundering_service,Cash-out or laundering service,telegram_off_platform,Telegram or private-channel coordination reference,118,82,39,79,43,819,0.242236,3.949979
full_screened,All combined records evaluated by the deterministic screen,980,cashout_laundering_service,Cash-out or laundering service,tutorial_training_recruitment,"Tutorial, guide, or training content",118,104,46,72,58,804,0.261364,3.673403
full_screened,All combined records evaluated by the deterministic screen,980,crypto_payment_or_conversion,Cryptocurrency payment or conversion reference,email_access_takeover,Email-access-enabled account takeover,126,62,17,109,45,809,0.099415,2.132616
full_screened,All combined records evaluated by the deterministic screen,980,crypto_payment_or_conversion,Cryptocurrency payment or conversion reference,escrow_trust_reputation,"Escrow, trust, reputation, or scam-risk discourse",126,121,52,74,69,785,0.266667,3.342516
full_screened,All combined records evaluated by the deterministic screen,980,crypto_payment_or_conversion,Cryptocurrency payment or conversion reference,fullz_identity_package,Fullz or identity package,126,124,44,82,80,774,0.213592,2.759857
full_screened,All combined records evaluated by the deterministic screen,980,crypto_payment_or_conversion,Cryptocurrency payment or conversion reference,jurisdiction_localisation,Jurisdiction-specific bank or account reference,126,117,35,91,82,772,0.168269,2.326686
full_screened,All combined records evaluated by the deterministic screen,980,crypto_payment_or_conversion,Cryptocurrency payment or conversion reference,mule_recruitment,Mule recruitment or account-holder solicitation,126,9,7,119,2,852,0.054688,6.049383
full_screened,All combined records evaluated by the deterministic screen,980,crypto_payment_or_conversion,Cryptocurrency payment or conversion reference,telegram_off_platform,Telegram or private-channel coordination reference,126,82,34,92,48,806,0.195402,3.224932
full_screened,All combined records evaluated by the deterministic screen,980,crypto_payment_or_conversion,Cryptocurrency payment or conversion reference,tutorial_training_recruitment,"Tutorial, guide, or training content",126,104,44,82,60,794,0.236559,3.290598
full_screened,All combined records evaluated by the deterministic screen,980,email_access_takeover,Email-access-enabled account takeover,escrow_trust_reputation,"Escrow, trust, reputation, or scam-risk discourse",62,121,13,49,108,810,0.076471,1.698214
full_screened,All combined records evaluated by the deterministic screen,980,email_access_takeover,Email-access-enabled account takeover,fullz_identity_package,Fullz or identity package,62,124,24,38,100,818,0.148148,3.059313
full_screened,All combined records evaluated by the deterministic screen,980,email_access_takeover,Email-access-enabled account takeover,jurisdiction_localisation,Jurisdiction-specific bank or account reference,62,117,40,22,77,841,0.28777,5.403915
full_screened,All combined records evaluated by the deterministic screen,980,email_access_takeover,Email-access-enabled account takeover,mule_recruitment,Mule recruitment or account-holder solicitation,62,9,0,62,9,909,0.0,0.0
full_screened,All combined records evaluated by the deterministic screen,980,email_access_takeover,Email-access-enabled account takeover,telegram_off_platform,Telegram or private-channel coordination reference,62,82,10,52,72,846,0.074627,1.927616
full_screened,All combined records evaluated by the deterministic screen,980,email_access_takeover,Email-access-enabled account takeover,tutorial_training_recruitment,"Tutorial, guide, or training content",62,104,20,42,84,834,0.136986,3.039702
full_screened,All combined records evaluated by the deterministic screen,980,escrow_trust_reputation,"Escrow, trust, reputation, or scam-risk discourse",fullz_identity_package,Fullz or identity package,121,124,34,87,90,769,0.161137,2.220741
full_screened,All combined records evaluated by the deterministic screen,980,escrow_trust_reputation,"Escrow, trust, reputation, or scam-risk discourse",jurisdiction_localisation,Jurisdiction-specific bank or account reference,121,117,34,87,83,776,0.166667,2.353606
full_screened,All combined records evaluated by the deterministic screen,980,escrow_trust_reputation,"Escrow, trust, reputation, or scam-risk discourse",mule_recruitment,Mule recruitment or account-holder solicitation,121,9,5,116,4,855,0.04,4.499541
full_screened,All combined records evaluated by the deterministic screen,980,escrow_trust_reputation,"Escrow, trust, reputation, or scam-risk discourse",telegram_off_platform,Telegram or private-channel coordination reference,121,82,26,95,56,803,0.146893,2.568031
full_screened,All combined records evaluated by the deterministic screen,980,escrow_trust_reputation,"Escrow, trust, reputation, or scam-risk discourse",tutorial_training_recruitment,"Tutorial, guide, or training content",121,104,37,84,67,792,0.196809,2.881437
full_screened,All combined records evaluated by the deterministic screen,980,fullz_identity_package,Fullz or identity package,jurisdiction_localisation,Jurisdiction-specific bank or account reference,124,117,44,80,73,783,0.22335,2.972153
full_screened,All combined records evaluated by the deterministic screen,980,fullz_identity_package,Fullz or identity package,mule_recruitment,Mule recruitment or account-holder solicitation,124,9,4,120,5,851,0.031008,3.512545
full_screened,All combined records evaluated by the deterministic screen,980,fullz_identity_package,Fullz or identity package,telegram_off_platform,Telegram or private-channel coordination reference,124,82,30,94,52,804,0.170455,2.891424
full_screened,All combined records evaluated by the deterministic screen,980,fullz_identity_package,Fullz or identity package,tutorial_training_recruitment,"Tutorial, guide, or training content",124,104,40,84,64,792,0.212766,3.039702
full_screened,All combined records evaluated by the deterministic screen,980,jurisdiction_localisation,Jurisdiction-specific bank or account reference,mule_recruitment,Mule recruitment or account-holder solicitation,117,9,4,113,5,858,0.032787,3.722697
full_screened,All combined records evaluated by the deterministic screen,980,jurisdiction_localisation,Jurisdiction-specific bank or account reference,telegram_off_platform,Telegram or private-channel coordination reference,117,82,18,99,64,799,0.099448,1.838649
full_screened,All combined records evaluated by the deterministic screen,980,jurisdiction_localisation,Jurisdiction-specific bank or account reference,tutorial_training_recruitment,"Tutorial, guide, or training content",117,104,30,87,74,789,0.157068,2.416174
full_screened,All combined records evaluated by the deterministic screen,980,mule_recruitment,Mule recruitment or account-holder solicitation,telegram_off_platform,Telegram or private-channel coordination reference,9,82,7,2,75,896,0.083333,9.295393
full_screened,All combined records evaluated by the deterministic screen,980,mule_recruitment,Mule recruitment or account-holder solicitation,tutorial_training_recruitment,"Tutorial, guide, or training content",9,104,5,4,99,872,0.046296,5.235043
full_screened,All combined records evaluated by the deterministic screen,980,telegram_off_platform,Telegram or private-channel coordination reference,tutorial_training_recruitment,"Tutorial, guide, or training content",82,104,29,53,75,823,0.184713,3.332552
exact_text_unique_sensitivity,One deterministic representative per combined-text SHA-256 value; sensitivity population only,463,bank_drop_sale,Bank drop sale or bank-drop infrastructure,bank_log_sale,Compromised bank log sale or discussion,116,177,76,40,101,246,0.35023,1.713813
exact_text_unique_sensitivity,One deterministic representative per combined-text SHA-256 value; sensitivity population only,463,bank_drop_sale,Bank drop sale or bank-drop infrastructure,cashout_laundering_service,Cash-out or laundering service,116,118,31,85,87,260,0.152709,1.048583
exact_text_unique_sensitivity,One deterministic representative per combined-text SHA-256 value; sensitivity population only,463,bank_drop_sale,Bank drop sale or bank-drop infrastructure,crypto_payment_or_conversion,Cryptocurrency payment or conversion reference,116,126,38,78,88,259,0.186275,1.203749
exact_text_unique_sensitivity,One deterministic representative per combined-text SHA-256 value; sensitivity population only,463,bank_drop_sale,Bank drop sale or bank-drop infrastructure,email_access_takeover,Email-access-enabled account takeover,116,62,28,88,34,313,0.186667,1.802558
exact_text_unique_sensitivity,One deterministic representative per combined-text SHA-256 value; sensitivity population only,463,bank_drop_sale,Bank drop sale or bank-drop infrastructure,escrow_trust_reputation,"Escrow, trust, reputation, or scam-risk discourse",116,120,33,83,87,260,0.162562,1.097629
exact_text_unique_sensitivity,One deterministic representative per combined-text SHA-256 value; sensitivity population only,463,bank_drop_sale,Bank drop sale or bank-drop infrastructure,fullz_identity_package,Fullz or identity package,116,124,60,56,64,283,0.333333,1.931313
exact_text_unique_sensitivity,One deterministic representative per combined-text SHA-256 value; sensitivity population only,463,bank_drop_sale,Bank drop sale or bank-drop infrastructure,jurisdiction_localisation,Jurisdiction-specific bank or account reference,116,116,62,54,54,293,0.364706,2.133323
exact_text_unique_sensitivity,One deterministic representative per combined-text SHA-256 value; sensitivity population only,463,bank_drop_sale,Bank drop sale or bank-drop infrastructure,mule_recruitment,Mule recruitment or account-holder solicitation,116,9,4,112,5,342,0.033058,1.773946
exact_text_unique_sensitivity,One deterministic representative per combined-text SHA-256 value; sensitivity population only,463,bank_drop_sale,Bank drop sale or bank-drop infrastructure,telegram_off_platform,Telegram or private-channel coordination reference,116,81,13,103,68,279,0.070652,0.640592
exact_text_unique_sensitivity,One deterministic representative per combined-text SHA-256 value; sensitivity population only,463,bank_drop_sale,Bank drop sale or bank-drop infrastructure,tutorial_training_recruitment,"Tutorial, guide, or training content",116,104,38,78,66,281,0.208791,1.458389
exact_text_unique_sensitivity,One deterministic representative per combined-text SHA-256 value; sensitivity population only,463,bank_log_sale,Compromised bank log sale or discussion,cashout_laundering_service,Cash-out or laundering service,177,118,66,111,52,234,0.28821,1.463085
exact_text_unique_sensitivity,One deterministic representative per combined-text SHA-256 value; sensitivity population only,463,bank_log_sale,Compromised bank log sale or discussion,crypto_payment_or_conversion,Cryptocurrency payment or conversion reference,177,126,77,100,49,237,0.340708,1.598556
exact_text_unique_sensitivity,One deterministic representative per combined-text SHA-256 value; sensitivity population only,463,bank_log_sale,Compromised bank log sale or discussion,email_access_takeover,Email-access-enabled account takeover,177,62,53,124,9,277,0.284946,2.236104
exact_text_unique_sensitivity,One deterministic representative per combined-text SHA-256 value; sensitivity population only,463,bank_log_sale,Compromised bank log sale or discussion,escrow_trust_reputation,"Escrow, trust, reputation, or scam-risk discourse",177,120,48,129,72,214,0.192771,1.046328
exact_text_unique_sensitivity,One deterministic representative per combined-text SHA-256 value; sensitivity population only,463,bank_log_sale,Compromised bank log sale or discussion,fullz_identity_package,Fullz or identity package,177,124,60,117,64,222,0.248963,1.265719
exact_text_unique_sensitivity,One deterministic representative per combined-text SHA-256 value; sensitivity population only,463,bank_log_sale,Compromised bank log sale or discussion,jurisdiction_localisation,Jurisdiction-specific bank or account reference,177,116,73,104,43,243,0.331818,1.646162
exact_text_unique_sensitivity,One deterministic representative per combined-text SHA-256 value; sensitivity population only,463,bank_log_sale,Compromised bank log sale or discussion,mule_recruitment,Mule recruitment or account-holder solicitation,177,9,7,170,2,284,0.039106,2.034526
exact_text_unique_sensitivity,One deterministic representative per combined-text SHA-256 value; sensitivity population only,463,bank_log_sale,Compromised bank log sale or discussion,telegram_off_platform,Telegram or private-channel coordination reference,177,81,24,153,57,229,0.102564,0.775058
exact_text_unique_sensitivity,One deterministic representative per combined-text SHA-256 value; sensitivity population only,463,bank_log_sale,Compromised bank log sale or discussion,tutorial_training_recruitment,"Tutorial, guide, or training content",177,104,62,115,42,244,0.283105,1.559431
exact_text_unique_sensitivity,One deterministic representative per combined-text SHA-256 value; sensitivity population only,463,cashout_laundering_service,Cash-out or laundering service,crypto_payment_or_conversion,Cryptocurrency payment or conversion reference,118,126,59,59,67,278,0.318919,1.837302
exact_text_unique_sensitivity,One deterministic representative per combined-text SHA-256 value; sensitivity population only,463,cashout_laundering_service,Cash-out or laundering service,email_access_takeover,Email-access-enabled account takeover,118,62,15,103,47,298,0.090909,0.949289
exact_text_unique_sensitivity,One deterministic representative per combined-text SHA-256 value; sensitivity population only,463,cashout_laundering_service,Cash-out or laundering service,escrow_trust_reputation,"Escrow, trust, reputation, or scam-risk discourse",118,120,32,86,88,257,0.15534,1.046328
exact_text_unique_sensitivity,One deterministic representative per combined-text SHA-256 value; sensitivity population only,463,cashout_laundering_service,Cash-out or laundering service,fullz_identity_package,Fullz or identity package,118,124,34,84,90,255,0.163462,1.075861
exact_text_unique_sensitivity,One deterministic representative per combined-text SHA-256 value; sensitivity population only,463,cashout_laundering_service,Cash-out or laundering service,jurisdiction_localisation,Jurisdiction-specific bank or account reference,118,116,33,85,83,262,0.164179,1.116233
exact_text_unique_sensitivity,One deterministic representative per combined-text SHA-256 value; sensitivity population only,463,cashout_laundering_service,Cash-out or laundering service,mule_recruitment,Mule recruitment or account-holder solicitation,118,9,7,111,2,343,0.058333,3.051789
exact_text_unique_sensitivity,One deterministic representative per combined-text SHA-256 value; sensitivity population only,463,cashout_laundering_service,Cash-out or laundering service,telegram_off_platform,Telegram or private-channel coordination reference,118,81,39,79,42,303,0.24375,1.889203
exact_text_unique_sensitivity,One deterministic representative per combined-text SHA-256 value; sensitivity population only,463,cashout_laundering_service,Cash-out or laundering service,tutorial_training_recruitment,"Tutorial, guide, or training content",118,104,46,72,58,287,0.261364,1.735495
exact_text_unique_sensitivity,One deterministic representative per combined-text SHA-256 value; sensitivity population only,463,crypto_payment_or_conversion,Cryptocurrency payment or conversion reference,email_access_takeover,Email-access-enabled account takeover,126,62,17,109,45,292,0.099415,1.007552
exact_text_unique_sensitivity,One deterministic representative per combined-text SHA-256 value; sensitivity population only,463,crypto_payment_or_conversion,Cryptocurrency payment or conversion reference,escrow_trust_reputation,"Escrow, trust, reputation, or scam-risk discourse",126,120,52,74,68,269,0.268041,1.592328
exact_text_unique_sensitivity,One deterministic representative per combined-text SHA-256 value; sensitivity population only,463,crypto_payment_or_conversion,Cryptocurrency payment or conversion reference,fullz_identity_package,Fullz or identity package,126,124,44,82,80,257,0.213592,1.303891
exact_text_unique_sensitivity,One deterministic representative per combined-text SHA-256 value; sensitivity population only,463,crypto_payment_or_conversion,Cryptocurrency payment or conversion reference,jurisdiction_localisation,Jurisdiction-specific bank or account reference,126,116,35,91,81,256,0.169082,1.108716
exact_text_unique_sensitivity,One deterministic representative per combined-text SHA-256 value; sensitivity population only,463,crypto_payment_or_conversion,Cryptocurrency payment or conversion reference,mule_recruitment,Mule recruitment or account-holder solicitation,126,9,7,119,2,335,0.054688,2.858025
exact_text_unique_sensitivity,One deterministic representative per combined-text SHA-256 value; sensitivity population only,463,crypto_payment_or_conversion,Cryptocurrency payment or conversion reference,telegram_off_platform,Telegram or private-channel coordination reference,126,81,34,92,47,290,0.196532,1.542426
exact_text_unique_sensitivity,One deterministic representative per combined-text SHA-256 value; sensitivity population only,463,crypto_payment_or_conversion,Cryptocurrency payment or conversion reference,tutorial_training_recruitment,"Tutorial, guide, or training content",126,104,44,82,60,277,0.236559,1.55464
exact_text_unique_sensitivity,One deterministic representative per combined-text SHA-256 value; sensitivity population only,463,email_access_takeover,Email-access-enabled account takeover,escrow_trust_reputation,"Escrow, trust, reputation, or scam-risk discourse",62,120,13,49,107,294,0.076923,0.809005
exact_text_unique_sensitivity,One deterministic representative per combined-text SHA-256 value; sensitivity population only,463,email_access_takeover,Email-access-enabled account takeover,fullz_identity_package,Fullz or identity package,62,124,24,38,100,301,0.148148,1.445369
exact_text_unique_sensitivity,One deterministic representative per combined-text SHA-256 value; sensitivity population only,463,email_access_takeover,Email-access-enabled account takeover,jurisdiction_localisation,Jurisdiction-specific bank or account reference,62,116,40,22,76,325,0.289855,2.575083
exact_text_unique_sensitivity,One deterministic representative per combined-text SHA-256 value; sensitivity population only,463,email_access_takeover,Email-access-enabled account takeover,mule_recruitment,Mule recruitment or account-holder solicitation,62,9,0,62,9,392,0.0,0.0
exact_text_unique_sensitivity,One deterministic representative per combined-text SHA-256 value; sensitivity population only,463,email_access_takeover,Email-access-enabled account takeover,telegram_off_platform,Telegram or private-channel coordination reference,62,81,10,52,71,330,0.075188,0.921943
exact_text_unique_sensitivity,One deterministic representative per combined-text SHA-256 value; sensitivity population only,463,email_access_takeover,Email-access-enabled account takeover,tutorial_training_recruitment,"Tutorial, guide, or training content",62,104,20,42,84,317,0.136986,1.436104
exact_text_unique_sensitivity,One deterministic representative per combined-text SHA-256 value; sensitivity population only,463,escrow_trust_reputation,"Escrow, trust, reputation, or scam-risk discourse",fullz_identity_package,Fullz or identity package,120,124,34,86,90,253,0.161905,1.05793
exact_text_unique_sensitivity,One deterministic representative per combined-text SHA-256 value; sensitivity population only,463,escrow_trust_reputation,"Escrow, trust, reputation, or scam-risk discourse",jurisdiction_localisation,Jurisdiction-specific bank or account reference,120,116,34,86,82,261,0.168317,1.130891
exact_text_unique_sensitivity,One deterministic representative per combined-text SHA-256 value; sensitivity population only,463,escrow_trust_reputation,"Escrow, trust, reputation, or scam-risk discourse",mule_recruitment,Mule recruitment or account-holder solicitation,120,9,5,115,4,339,0.040323,2.143519
exact_text_unique_sensitivity,One deterministic representative per combined-text SHA-256 value; sensitivity population only,463,escrow_trust_reputation,"Escrow, trust, reputation, or scam-risk discourse",telegram_off_platform,Telegram or private-channel coordination reference,120,81,25,95,56,287,0.142045,1.190844
exact_text_unique_sensitivity,One deterministic representative per combined-text SHA-256 value; sensitivity population only,463,escrow_trust_reputation,"Escrow, trust, reputation, or scam-risk discourse",tutorial_training_recruitment,"Tutorial, guide, or training content",120,104,37,83,67,276,0.197861,1.372676
exact_text_unique_sensitivity,One deterministic representative per combined-text SHA-256 value; sensitivity population only,463,fullz_identity_package,Fullz or identity package,jurisdiction_localisation,Jurisdiction-specific bank or account reference,124,116,44,80,72,267,0.22449,1.416296
exact_text_unique_sensitivity,One deterministic representative per combined-text SHA-256 value; sensitivity population only,463,fullz_identity_package,Fullz or identity package,mule_recruitment,Mule recruitment or account-holder solicitation,124,9,4,120,5,334,0.031008,1.659498
exact_text_unique_sensitivity,One deterministic representative per combined-text SHA-256 value; sensitivity population only,463,fullz_identity_package,Fullz or identity package,telegram_off_platform,Telegram or private-channel coordination reference,124,81,30,94,51,288,0.171429,1.382915
exact_text_unique_sensitivity,One deterministic representative per combined-text SHA-256 value; sensitivity population only,463,fullz_identity_package,Fullz or identity package,tutorial_training_recruitment,"Tutorial, guide, or training content",124,104,40,84,64,275,0.212766,1.436104
exact_text_unique_sensitivity,One deterministic representative per combined-text SHA-256 value; sensitivity population only,463,jurisdiction_localisation,Jurisdiction-specific bank or account reference,mule_recruitment,Mule recruitment or account-holder solicitation,116,9,4,112,5,342,0.033058,1.773946
exact_text_unique_sensitivity,One deterministic representative per combined-text SHA-256 value; sensitivity population only,463,jurisdiction_localisation,Jurisdiction-specific bank or account reference,telegram_off_platform,Telegram or private-channel coordination reference,116,81,18,98,63,284,0.100559,0.886973
exact_text_unique_sensitivity,One deterministic representative per combined-text SHA-256 value; sensitivity population only,463,jurisdiction_localisation,Jurisdiction-specific bank or account reference,tutorial_training_recruitment,"Tutorial, guide, or training content",116,104,30,86,74,273,0.157895,1.151359
exact_text_unique_sensitivity,One deterministic representative per combined-text SHA-256 value; sensitivity population only,463,mule_recruitment,Mule recruitment or account-holder solicitation,telegram_off_platform,Telegram or private-channel coordination reference,9,81,7,2,74,380,0.084337,4.445816
exact_text_unique_sensitivity,One deterministic representative per combined-text SHA-256 value; sensitivity population only,463,mule_recruitment,Mule recruitment or account-holder solicitation,tutorial_training_recruitment,"Tutorial, guide, or training content",9,104,5,4,99,355,0.046296,2.473291
exact_text_unique_sensitivity,One deterministic representative per combined-text SHA-256 value; sensitivity population only,463,telegram_off_platform,Telegram or private-channel coordination reference,tutorial_training_recruitment,"Tutorial, guide, or training content",81,104,29,52,75,307,0.185897,1.593898
