population,population_definition,source,source_denominator_n,markdown_present_n,ocr_present_n,markdown_and_ocr_present_n,neither_modality_present_n,code,label,source_positive_records_n,within_source_percent,all_sources_positive_records_n,source_share_of_positive_records
full_screened,All combined records evaluated by the deterministic screen,1. Dread,69,69,40,40,0,bank_drop_sale,Bank drop sale or bank-drop infrastructure,19,27.536,116,0.163793
full_screened,All combined records evaluated by the deterministic screen,1. Dread,69,69,40,40,0,bank_log_sale,Compromised bank log sale or discussion,15,21.739,178,0.08427
full_screened,All combined records evaluated by the deterministic screen,1. Dread,69,69,40,40,0,cashout_laundering_service,Cash-out or laundering service,10,14.493,118,0.084746
full_screened,All combined records evaluated by the deterministic screen,1. Dread,69,69,40,40,0,crypto_payment_or_conversion,Cryptocurrency payment or conversion reference,10,14.493,126,0.079365
full_screened,All combined records evaluated by the deterministic screen,1. Dread,69,69,40,40,0,email_access_takeover,Email-access-enabled account takeover,3,4.348,62,0.048387
full_screened,All combined records evaluated by the deterministic screen,1. Dread,69,69,40,40,0,escrow_trust_reputation,"Escrow, trust, reputation, or scam-risk discourse",22,31.884,121,0.181818
full_screened,All combined records evaluated by the deterministic screen,1. Dread,69,69,40,40,0,fullz_identity_package,Fullz or identity package,11,15.942,124,0.08871
full_screened,All combined records evaluated by the deterministic screen,1. Dread,69,69,40,40,0,jurisdiction_localisation,Jurisdiction-specific bank or account reference,17,24.638,117,0.145299
full_screened,All combined records evaluated by the deterministic screen,1. Dread,69,69,40,40,0,mule_recruitment,Mule recruitment or account-holder solicitation,2,2.899,9,0.222222
full_screened,All combined records evaluated by the deterministic screen,1. Dread,69,69,40,40,0,telegram_off_platform,Telegram or private-channel coordination reference,13,18.841,82,0.158537
full_screened,All combined records evaluated by the deterministic screen,1. Dread,69,69,40,40,0,tutorial_training_recruitment,"Tutorial, guide, or training content",17,24.638,104,0.163462
full_screened,All combined records evaluated by the deterministic screen,10. Tor Shop,93,91,41,41,2,bank_drop_sale,Bank drop sale or bank-drop infrastructure,32,34.409,116,0.275862
full_screened,All combined records evaluated by the deterministic screen,10. Tor Shop,93,91,41,41,2,bank_log_sale,Compromised bank log sale or discussion,29,31.183,178,0.162921
full_screened,All combined records evaluated by the deterministic screen,10. Tor Shop,93,91,41,41,2,cashout_laundering_service,Cash-out or laundering service,9,9.677,118,0.076271
full_screened,All combined records evaluated by the deterministic screen,10. Tor Shop,93,91,41,41,2,crypto_payment_or_conversion,Cryptocurrency payment or conversion reference,14,15.054,126,0.111111
full_screened,All combined records evaluated by the deterministic screen,10. Tor Shop,93,91,41,41,2,email_access_takeover,Email-access-enabled account takeover,7,7.527,62,0.112903
full_screened,All combined records evaluated by the deterministic screen,10. Tor Shop,93,91,41,41,2,escrow_trust_reputation,"Escrow, trust, reputation, or scam-risk discourse",0,0.0,121,0.0
full_screened,All combined records evaluated by the deterministic screen,10. Tor Shop,93,91,41,41,2,fullz_identity_package,Fullz or identity package,24,25.806,124,0.193548
full_screened,All combined records evaluated by the deterministic screen,10. Tor Shop,93,91,41,41,2,jurisdiction_localisation,Jurisdiction-specific bank or account reference,13,13.978,117,0.111111
full_screened,All combined records evaluated by the deterministic screen,10. Tor Shop,93,91,41,41,2,mule_recruitment,Mule recruitment or account-holder solicitation,0,0.0,9,0.0
full_screened,All combined records evaluated by the deterministic screen,10. Tor Shop,93,91,41,41,2,telegram_off_platform,Telegram or private-channel coordination reference,0,0.0,82,0.0
full_screened,All combined records evaluated by the deterministic screen,10. Tor Shop,93,91,41,41,2,tutorial_training_recruitment,"Tutorial, guide, or training content",12,12.903,104,0.115385
full_screened,All combined records evaluated by the deterministic screen,11. Legit Market,88,87,27,27,1,bank_drop_sale,Bank drop sale or bank-drop infrastructure,11,12.5,116,0.094828
full_screened,All combined records evaluated by the deterministic screen,11. Legit Market,88,87,27,27,1,bank_log_sale,Compromised bank log sale or discussion,15,17.045,178,0.08427
full_screened,All combined records evaluated by the deterministic screen,11. Legit Market,88,87,27,27,1,cashout_laundering_service,Cash-out or laundering service,3,3.409,118,0.025424
full_screened,All combined records evaluated by the deterministic screen,11. Legit Market,88,87,27,27,1,crypto_payment_or_conversion,Cryptocurrency payment or conversion reference,6,6.818,126,0.047619
full_screened,All combined records evaluated by the deterministic screen,11. Legit Market,88,87,27,27,1,email_access_takeover,Email-access-enabled account takeover,4,4.545,62,0.064516
full_screened,All combined records evaluated by the deterministic screen,11. Legit Market,88,87,27,27,1,escrow_trust_reputation,"Escrow, trust, reputation, or scam-risk discourse",20,22.727,121,0.165289
full_screened,All combined records evaluated by the deterministic screen,11. Legit Market,88,87,27,27,1,fullz_identity_package,Fullz or identity package,2,2.273,124,0.016129
full_screened,All combined records evaluated by the deterministic screen,11. Legit Market,88,87,27,27,1,jurisdiction_localisation,Jurisdiction-specific bank or account reference,12,13.636,117,0.102564
full_screened,All combined records evaluated by the deterministic screen,11. Legit Market,88,87,27,27,1,mule_recruitment,Mule recruitment or account-holder solicitation,0,0.0,9,0.0
full_screened,All combined records evaluated by the deterministic screen,11. Legit Market,88,87,27,27,1,telegram_off_platform,Telegram or private-channel coordination reference,1,1.136,82,0.012195
full_screened,All combined records evaluated by the deterministic screen,11. Legit Market,88,87,27,27,1,tutorial_training_recruitment,"Tutorial, guide, or training content",3,3.409,104,0.028846
full_screened,All combined records evaluated by the deterministic screen,12. TORCH Tor Search,58,11,6,6,47,bank_drop_sale,Bank drop sale or bank-drop infrastructure,2,3.448,116,0.017241
full_screened,All combined records evaluated by the deterministic screen,12. TORCH Tor Search,58,11,6,6,47,bank_log_sale,Compromised bank log sale or discussion,2,3.448,178,0.011236
full_screened,All combined records evaluated by the deterministic screen,12. TORCH Tor Search,58,11,6,6,47,cashout_laundering_service,Cash-out or laundering service,0,0.0,118,0.0
full_screened,All combined records evaluated by the deterministic screen,12. TORCH Tor Search,58,11,6,6,47,crypto_payment_or_conversion,Cryptocurrency payment or conversion reference,0,0.0,126,0.0
full_screened,All combined records evaluated by the deterministic screen,12. TORCH Tor Search,58,11,6,6,47,email_access_takeover,Email-access-enabled account takeover,0,0.0,62,0.0
full_screened,All combined records evaluated by the deterministic screen,12. TORCH Tor Search,58,11,6,6,47,escrow_trust_reputation,"Escrow, trust, reputation, or scam-risk discourse",0,0.0,121,0.0
full_screened,All combined records evaluated by the deterministic screen,12. TORCH Tor Search,58,11,6,6,47,fullz_identity_package,Fullz or identity package,0,0.0,124,0.0
full_screened,All combined records evaluated by the deterministic screen,12. TORCH Tor Search,58,11,6,6,47,jurisdiction_localisation,Jurisdiction-specific bank or account reference,0,0.0,117,0.0
full_screened,All combined records evaluated by the deterministic screen,12. TORCH Tor Search,58,11,6,6,47,mule_recruitment,Mule recruitment or account-holder solicitation,0,0.0,9,0.0
full_screened,All combined records evaluated by the deterministic screen,12. TORCH Tor Search,58,11,6,6,47,telegram_off_platform,Telegram or private-channel coordination reference,0,0.0,82,0.0
full_screened,All combined records evaluated by the deterministic screen,12. TORCH Tor Search,58,11,6,6,47,tutorial_training_recruitment,"Tutorial, guide, or training content",0,0.0,104,0.0
full_screened,All combined records evaluated by the deterministic screen,13. Bank Logs,1,1,0,0,0,bank_drop_sale,Bank drop sale or bank-drop infrastructure,0,0.0,116,0.0
full_screened,All combined records evaluated by the deterministic screen,13. Bank Logs,1,1,0,0,0,bank_log_sale,Compromised bank log sale or discussion,0,0.0,178,0.0
full_screened,All combined records evaluated by the deterministic screen,13. Bank Logs,1,1,0,0,0,cashout_laundering_service,Cash-out or laundering service,0,0.0,118,0.0
full_screened,All combined records evaluated by the deterministic screen,13. Bank Logs,1,1,0,0,0,crypto_payment_or_conversion,Cryptocurrency payment or conversion reference,0,0.0,126,0.0
full_screened,All combined records evaluated by the deterministic screen,13. Bank Logs,1,1,0,0,0,email_access_takeover,Email-access-enabled account takeover,0,0.0,62,0.0
full_screened,All combined records evaluated by the deterministic screen,13. Bank Logs,1,1,0,0,0,escrow_trust_reputation,"Escrow, trust, reputation, or scam-risk discourse",0,0.0,121,0.0
full_screened,All combined records evaluated by the deterministic screen,13. Bank Logs,1,1,0,0,0,fullz_identity_package,Fullz or identity package,0,0.0,124,0.0
full_screened,All combined records evaluated by the deterministic screen,13. Bank Logs,1,1,0,0,0,jurisdiction_localisation,Jurisdiction-specific bank or account reference,0,0.0,117,0.0
full_screened,All combined records evaluated by the deterministic screen,13. Bank Logs,1,1,0,0,0,mule_recruitment,Mule recruitment or account-holder solicitation,0,0.0,9,0.0
full_screened,All combined records evaluated by the deterministic screen,13. Bank Logs,1,1,0,0,0,telegram_off_platform,Telegram or private-channel coordination reference,0,0.0,82,0.0
full_screened,All combined records evaluated by the deterministic screen,13. Bank Logs,1,1,0,0,0,tutorial_training_recruitment,"Tutorial, guide, or training content",0,0.0,104,0.0
full_screened,All combined records evaluated by the deterministic screen,14. Lonely Road,4,4,3,3,0,bank_drop_sale,Bank drop sale or bank-drop infrastructure,0,0.0,116,0.0
full_screened,All combined records evaluated by the deterministic screen,14. Lonely Road,4,4,3,3,0,bank_log_sale,Compromised bank log sale or discussion,1,25.0,178,0.005618
full_screened,All combined records evaluated by the deterministic screen,14. Lonely Road,4,4,3,3,0,cashout_laundering_service,Cash-out or laundering service,0,0.0,118,0.0
full_screened,All combined records evaluated by the deterministic screen,14. Lonely Road,4,4,3,3,0,crypto_payment_or_conversion,Cryptocurrency payment or conversion reference,3,75.0,126,0.02381
full_screened,All combined records evaluated by the deterministic screen,14. Lonely Road,4,4,3,3,0,email_access_takeover,Email-access-enabled account takeover,0,0.0,62,0.0
full_screened,All combined records evaluated by the deterministic screen,14. Lonely Road,4,4,3,3,0,escrow_trust_reputation,"Escrow, trust, reputation, or scam-risk discourse",0,0.0,121,0.0
full_screened,All combined records evaluated by the deterministic screen,14. Lonely Road,4,4,3,3,0,fullz_identity_package,Fullz or identity package,0,0.0,124,0.0
full_screened,All combined records evaluated by the deterministic screen,14. Lonely Road,4,4,3,3,0,jurisdiction_localisation,Jurisdiction-specific bank or account reference,1,25.0,117,0.008547
full_screened,All combined records evaluated by the deterministic screen,14. Lonely Road,4,4,3,3,0,mule_recruitment,Mule recruitment or account-holder solicitation,0,0.0,9,0.0
full_screened,All combined records evaluated by the deterministic screen,14. Lonely Road,4,4,3,3,0,telegram_off_platform,Telegram or private-channel coordination reference,0,0.0,82,0.0
full_screened,All combined records evaluated by the deterministic screen,14. Lonely Road,4,4,3,3,0,tutorial_training_recruitment,"Tutorial, guide, or training content",0,0.0,104,0.0
full_screened,All combined records evaluated by the deterministic screen,15. Tenebris,8,6,5,5,2,bank_drop_sale,Bank drop sale or bank-drop infrastructure,1,12.5,116,0.008621
full_screened,All combined records evaluated by the deterministic screen,15. Tenebris,8,6,5,5,2,bank_log_sale,Compromised bank log sale or discussion,3,37.5,178,0.016854
full_screened,All combined records evaluated by the deterministic screen,15. Tenebris,8,6,5,5,2,cashout_laundering_service,Cash-out or laundering service,3,37.5,118,0.025424
full_screened,All combined records evaluated by the deterministic screen,15. Tenebris,8,6,5,5,2,crypto_payment_or_conversion,Cryptocurrency payment or conversion reference,4,50.0,126,0.031746
full_screened,All combined records evaluated by the deterministic screen,15. Tenebris,8,6,5,5,2,email_access_takeover,Email-access-enabled account takeover,1,12.5,62,0.016129
full_screened,All combined records evaluated by the deterministic screen,15. Tenebris,8,6,5,5,2,escrow_trust_reputation,"Escrow, trust, reputation, or scam-risk discourse",3,37.5,121,0.024793
full_screened,All combined records evaluated by the deterministic screen,15. Tenebris,8,6,5,5,2,fullz_identity_package,Fullz or identity package,0,0.0,124,0.0
full_screened,All combined records evaluated by the deterministic screen,15. Tenebris,8,6,5,5,2,jurisdiction_localisation,Jurisdiction-specific bank or account reference,1,12.5,117,0.008547
full_screened,All combined records evaluated by the deterministic screen,15. Tenebris,8,6,5,5,2,mule_recruitment,Mule recruitment or account-holder solicitation,0,0.0,9,0.0
full_screened,All combined records evaluated by the deterministic screen,15. Tenebris,8,6,5,5,2,telegram_off_platform,Telegram or private-channel coordination reference,4,50.0,82,0.04878
full_screened,All combined records evaluated by the deterministic screen,15. Tenebris,8,6,5,5,2,tutorial_training_recruitment,"Tutorial, guide, or training content",3,37.5,104,0.028846
full_screened,All combined records evaluated by the deterministic screen,17. XmrBazaar,6,3,3,3,3,bank_drop_sale,Bank drop sale or bank-drop infrastructure,1,16.667,116,0.008621
full_screened,All combined records evaluated by the deterministic screen,17. XmrBazaar,6,3,3,3,3,bank_log_sale,Compromised bank log sale or discussion,0,0.0,178,0.0
full_screened,All combined records evaluated by the deterministic screen,17. XmrBazaar,6,3,3,3,3,cashout_laundering_service,Cash-out or laundering service,0,0.0,118,0.0
full_screened,All combined records evaluated by the deterministic screen,17. XmrBazaar,6,3,3,3,3,crypto_payment_or_conversion,Cryptocurrency payment or conversion reference,2,33.333,126,0.015873
full_screened,All combined records evaluated by the deterministic screen,17. XmrBazaar,6,3,3,3,3,email_access_takeover,Email-access-enabled account takeover,0,0.0,62,0.0
full_screened,All combined records evaluated by the deterministic screen,17. XmrBazaar,6,3,3,3,3,escrow_trust_reputation,"Escrow, trust, reputation, or scam-risk discourse",1,16.667,121,0.008264
full_screened,All combined records evaluated by the deterministic screen,17. XmrBazaar,6,3,3,3,3,fullz_identity_package,Fullz or identity package,0,0.0,124,0.0
full_screened,All combined records evaluated by the deterministic screen,17. XmrBazaar,6,3,3,3,3,jurisdiction_localisation,Jurisdiction-specific bank or account reference,0,0.0,117,0.0
full_screened,All combined records evaluated by the deterministic screen,17. XmrBazaar,6,3,3,3,3,mule_recruitment,Mule recruitment or account-holder solicitation,0,0.0,9,0.0
full_screened,All combined records evaluated by the deterministic screen,17. XmrBazaar,6,3,3,3,3,telegram_off_platform,Telegram or private-channel coordination reference,0,0.0,82,0.0
full_screened,All combined records evaluated by the deterministic screen,17. XmrBazaar,6,3,3,3,3,tutorial_training_recruitment,"Tutorial, guide, or training content",1,16.667,104,0.009615
full_screened,All combined records evaluated by the deterministic screen,2. Altenen,72,72,33,33,0,bank_drop_sale,Bank drop sale or bank-drop infrastructure,2,2.778,116,0.017241
full_screened,All combined records evaluated by the deterministic screen,2. Altenen,72,72,33,33,0,bank_log_sale,Compromised bank log sale or discussion,15,20.833,178,0.08427
full_screened,All combined records evaluated by the deterministic screen,2. Altenen,72,72,33,33,0,cashout_laundering_service,Cash-out or laundering service,9,12.5,118,0.076271
full_screened,All combined records evaluated by the deterministic screen,2. Altenen,72,72,33,33,0,crypto_payment_or_conversion,Cryptocurrency payment or conversion reference,13,18.056,126,0.103175
full_screened,All combined records evaluated by the deterministic screen,2. Altenen,72,72,33,33,0,email_access_takeover,Email-access-enabled account takeover,4,5.556,62,0.064516
full_screened,All combined records evaluated by the deterministic screen,2. Altenen,72,72,33,33,0,escrow_trust_reputation,"Escrow, trust, reputation, or scam-risk discourse",2,2.778,121,0.016529
full_screened,All combined records evaluated by the deterministic screen,2. Altenen,72,72,33,33,0,fullz_identity_package,Fullz or identity package,19,26.389,124,0.153226
full_screened,All combined records evaluated by the deterministic screen,2. Altenen,72,72,33,33,0,jurisdiction_localisation,Jurisdiction-specific bank or account reference,0,0.0,117,0.0
full_screened,All combined records evaluated by the deterministic screen,2. Altenen,72,72,33,33,0,mule_recruitment,Mule recruitment or account-holder solicitation,3,4.167,9,0.333333
full_screened,All combined records evaluated by the deterministic screen,2. Altenen,72,72,33,33,0,telegram_off_platform,Telegram or private-channel coordination reference,18,25.0,82,0.219512
full_screened,All combined records evaluated by the deterministic screen,2. Altenen,72,72,33,33,0,tutorial_training_recruitment,"Tutorial, guide, or training content",19,26.389,104,0.182692
full_screened,All combined records evaluated by the deterministic screen,3. Pitch,90,90,64,64,0,bank_drop_sale,Bank drop sale or bank-drop infrastructure,12,13.333,116,0.103448
full_screened,All combined records evaluated by the deterministic screen,3. Pitch,90,90,64,64,0,bank_log_sale,Compromised bank log sale or discussion,15,16.667,178,0.08427
full_screened,All combined records evaluated by the deterministic screen,3. Pitch,90,90,64,64,0,cashout_laundering_service,Cash-out or laundering service,12,13.333,118,0.101695
full_screened,All combined records evaluated by the deterministic screen,3. Pitch,90,90,64,64,0,crypto_payment_or_conversion,Cryptocurrency payment or conversion reference,16,17.778,126,0.126984
full_screened,All combined records evaluated by the deterministic screen,3. Pitch,90,90,64,64,0,email_access_takeover,Email-access-enabled account takeover,9,10.0,62,0.145161
full_screened,All combined records evaluated by the deterministic screen,3. Pitch,90,90,64,64,0,escrow_trust_reputation,"Escrow, trust, reputation, or scam-risk discourse",18,20.0,121,0.14876
full_screened,All combined records evaluated by the deterministic screen,3. Pitch,90,90,64,64,0,fullz_identity_package,Fullz or identity package,12,13.333,124,0.096774
full_screened,All combined records evaluated by the deterministic screen,3. Pitch,90,90,64,64,0,jurisdiction_localisation,Jurisdiction-specific bank or account reference,13,14.444,117,0.111111
full_screened,All combined records evaluated by the deterministic screen,3. Pitch,90,90,64,64,0,mule_recruitment,Mule recruitment or account-holder solicitation,3,3.333,9,0.333333
full_screened,All combined records evaluated by the deterministic screen,3. Pitch,90,90,64,64,0,telegram_off_platform,Telegram or private-channel coordination reference,20,22.222,82,0.243902
full_screened,All combined records evaluated by the deterministic screen,3. Pitch,90,90,64,64,0,tutorial_training_recruitment,"Tutorial, guide, or training content",20,22.222,104,0.192308
full_screened,All combined records evaluated by the deterministic screen,4. Caders Heven,77,76,27,27,1,bank_drop_sale,Bank drop sale or bank-drop infrastructure,6,7.792,116,0.051724
full_screened,All combined records evaluated by the deterministic screen,4. Caders Heven,77,76,27,27,1,bank_log_sale,Compromised bank log sale or discussion,28,36.364,178,0.157303
full_screened,All combined records evaluated by the deterministic screen,4. Caders Heven,77,76,27,27,1,cashout_laundering_service,Cash-out or laundering service,22,28.571,118,0.186441
full_screened,All combined records evaluated by the deterministic screen,4. Caders Heven,77,76,27,27,1,crypto_payment_or_conversion,Cryptocurrency payment or conversion reference,24,31.169,126,0.190476
full_screened,All combined records evaluated by the deterministic screen,4. Caders Heven,77,76,27,27,1,email_access_takeover,Email-access-enabled account takeover,4,5.195,62,0.064516
full_screened,All combined records evaluated by the deterministic screen,4. Caders Heven,77,76,27,27,1,escrow_trust_reputation,"Escrow, trust, reputation, or scam-risk discourse",1,1.299,121,0.008264
full_screened,All combined records evaluated by the deterministic screen,4. Caders Heven,77,76,27,27,1,fullz_identity_package,Fullz or identity package,12,15.584,124,0.096774
full_screened,All combined records evaluated by the deterministic screen,4. Caders Heven,77,76,27,27,1,jurisdiction_localisation,Jurisdiction-specific bank or account reference,2,2.597,117,0.017094
full_screened,All combined records evaluated by the deterministic screen,4. Caders Heven,77,76,27,27,1,mule_recruitment,Mule recruitment or account-holder solicitation,0,0.0,9,0.0
full_screened,All combined records evaluated by the deterministic screen,4. Caders Heven,77,76,27,27,1,telegram_off_platform,Telegram or private-channel coordination reference,0,0.0,82,0.0
full_screened,All combined records evaluated by the deterministic screen,4. Caders Heven,77,76,27,27,1,tutorial_training_recruitment,"Tutorial, guide, or training content",2,2.597,104,0.019231
full_screened,All combined records evaluated by the deterministic screen,5. CardPro,91,91,38,38,0,bank_drop_sale,Bank drop sale or bank-drop infrastructure,6,6.593,116,0.051724
full_screened,All combined records evaluated by the deterministic screen,5. CardPro,91,91,38,38,0,bank_log_sale,Compromised bank log sale or discussion,2,2.198,178,0.011236
full_screened,All combined records evaluated by the deterministic screen,5. CardPro,91,91,38,38,0,cashout_laundering_service,Cash-out or laundering service,32,35.165,118,0.271186
full_screened,All combined records evaluated by the deterministic screen,5. CardPro,91,91,38,38,0,crypto_payment_or_conversion,Cryptocurrency payment or conversion reference,7,7.692,126,0.055556
full_screened,All combined records evaluated by the deterministic screen,5. CardPro,91,91,38,38,0,email_access_takeover,Email-access-enabled account takeover,0,0.0,62,0.0
full_screened,All combined records evaluated by the deterministic screen,5. CardPro,91,91,38,38,0,escrow_trust_reputation,"Escrow, trust, reputation, or scam-risk discourse",4,4.396,121,0.033058
full_screened,All combined records evaluated by the deterministic screen,5. CardPro,91,91,38,38,0,fullz_identity_package,Fullz or identity package,5,5.495,124,0.040323
full_screened,All combined records evaluated by the deterministic screen,5. CardPro,91,91,38,38,0,jurisdiction_localisation,Jurisdiction-specific bank or account reference,11,12.088,117,0.094017
full_screened,All combined records evaluated by the deterministic screen,5. CardPro,91,91,38,38,0,mule_recruitment,Mule recruitment or account-holder solicitation,1,1.099,9,0.111111
full_screened,All combined records evaluated by the deterministic screen,5. CardPro,91,91,38,38,0,telegram_off_platform,Telegram or private-channel coordination reference,22,24.176,82,0.268293
full_screened,All combined records evaluated by the deterministic screen,5. CardPro,91,91,38,38,0,tutorial_training_recruitment,"Tutorial, guide, or training content",3,3.297,104,0.028846
full_screened,All combined records evaluated by the deterministic screen,6. The X Wave Market,90,89,41,41,1,bank_drop_sale,Bank drop sale or bank-drop infrastructure,9,10.0,116,0.077586
full_screened,All combined records evaluated by the deterministic screen,6. The X Wave Market,90,89,41,41,1,bank_log_sale,Compromised bank log sale or discussion,5,5.556,178,0.02809
full_screened,All combined records evaluated by the deterministic screen,6. The X Wave Market,90,89,41,41,1,cashout_laundering_service,Cash-out or laundering service,10,11.111,118,0.084746
full_screened,All combined records evaluated by the deterministic screen,6. The X Wave Market,90,89,41,41,1,crypto_payment_or_conversion,Cryptocurrency payment or conversion reference,10,11.111,126,0.079365
full_screened,All combined records evaluated by the deterministic screen,6. The X Wave Market,90,89,41,41,1,email_access_takeover,Email-access-enabled account takeover,3,3.333,62,0.048387
full_screened,All combined records evaluated by the deterministic screen,6. The X Wave Market,90,89,41,41,1,escrow_trust_reputation,"Escrow, trust, reputation, or scam-risk discourse",41,45.556,121,0.338843
full_screened,All combined records evaluated by the deterministic screen,6. The X Wave Market,90,89,41,41,1,fullz_identity_package,Fullz or identity package,20,22.222,124,0.16129
full_screened,All combined records evaluated by the deterministic screen,6. The X Wave Market,90,89,41,41,1,jurisdiction_localisation,Jurisdiction-specific bank or account reference,6,6.667,117,0.051282
full_screened,All combined records evaluated by the deterministic screen,6. The X Wave Market,90,89,41,41,1,mule_recruitment,Mule recruitment or account-holder solicitation,0,0.0,9,0.0
full_screened,All combined records evaluated by the deterministic screen,6. The X Wave Market,90,89,41,41,1,telegram_off_platform,Telegram or private-channel coordination reference,0,0.0,82,0.0
full_screened,All combined records evaluated by the deterministic screen,6. The X Wave Market,90,89,41,41,1,tutorial_training_recruitment,"Tutorial, guide, or training content",10,11.111,104,0.096154
full_screened,All combined records evaluated by the deterministic screen,7. Meta Banklogs,92,90,36,36,2,bank_drop_sale,Bank drop sale or bank-drop infrastructure,14,15.217,116,0.12069
full_screened,All combined records evaluated by the deterministic screen,7. Meta Banklogs,92,90,36,36,2,bank_log_sale,Compromised bank log sale or discussion,29,31.522,178,0.162921
full_screened,All combined records evaluated by the deterministic screen,7. Meta Banklogs,92,90,36,36,2,cashout_laundering_service,Cash-out or laundering service,4,4.348,118,0.033898
full_screened,All combined records evaluated by the deterministic screen,7. Meta Banklogs,92,90,36,36,2,crypto_payment_or_conversion,Cryptocurrency payment or conversion reference,6,6.522,126,0.047619
full_screened,All combined records evaluated by the deterministic screen,7. Meta Banklogs,92,90,36,36,2,email_access_takeover,Email-access-enabled account takeover,21,22.826,62,0.33871
full_screened,All combined records evaluated by the deterministic screen,7. Meta Banklogs,92,90,36,36,2,escrow_trust_reputation,"Escrow, trust, reputation, or scam-risk discourse",1,1.087,121,0.008264
full_screened,All combined records evaluated by the deterministic screen,7. Meta Banklogs,92,90,36,36,2,fullz_identity_package,Fullz or identity package,12,13.043,124,0.096774
full_screened,All combined records evaluated by the deterministic screen,7. Meta Banklogs,92,90,36,36,2,jurisdiction_localisation,Jurisdiction-specific bank or account reference,36,39.13,117,0.307692
full_screened,All combined records evaluated by the deterministic screen,7. Meta Banklogs,92,90,36,36,2,mule_recruitment,Mule recruitment or account-holder solicitation,0,0.0,9,0.0
full_screened,All combined records evaluated by the deterministic screen,7. Meta Banklogs,92,90,36,36,2,telegram_off_platform,Telegram or private-channel coordination reference,2,2.174,82,0.02439
full_screened,All combined records evaluated by the deterministic screen,7. Meta Banklogs,92,90,36,36,2,tutorial_training_recruitment,"Tutorial, guide, or training content",6,6.522,104,0.057692
full_screened,All combined records evaluated by the deterministic screen,8. Secure ccSeller,94,88,10,10,6,bank_drop_sale,Bank drop sale or bank-drop infrastructure,1,1.064,116,0.008621
full_screened,All combined records evaluated by the deterministic screen,8. Secure ccSeller,94,88,10,10,6,bank_log_sale,Compromised bank log sale or discussion,4,4.255,178,0.022472
full_screened,All combined records evaluated by the deterministic screen,8. Secure ccSeller,94,88,10,10,6,cashout_laundering_service,Cash-out or laundering service,0,0.0,118,0.0
full_screened,All combined records evaluated by the deterministic screen,8. Secure ccSeller,94,88,10,10,6,crypto_payment_or_conversion,Cryptocurrency payment or conversion reference,1,1.064,126,0.007937
full_screened,All combined records evaluated by the deterministic screen,8. Secure ccSeller,94,88,10,10,6,email_access_takeover,Email-access-enabled account takeover,4,4.255,62,0.064516
full_screened,All combined records evaluated by the deterministic screen,8. Secure ccSeller,94,88,10,10,6,escrow_trust_reputation,"Escrow, trust, reputation, or scam-risk discourse",1,1.064,121,0.008264
full_screened,All combined records evaluated by the deterministic screen,8. Secure ccSeller,94,88,10,10,6,fullz_identity_package,Fullz or identity package,6,6.383,124,0.048387
full_screened,All combined records evaluated by the deterministic screen,8. Secure ccSeller,94,88,10,10,6,jurisdiction_localisation,Jurisdiction-specific bank or account reference,5,5.319,117,0.042735
full_screened,All combined records evaluated by the deterministic screen,8. Secure ccSeller,94,88,10,10,6,mule_recruitment,Mule recruitment or account-holder solicitation,0,0.0,9,0.0
full_screened,All combined records evaluated by the deterministic screen,8. Secure ccSeller,94,88,10,10,6,telegram_off_platform,Telegram or private-channel coordination reference,0,0.0,82,0.0
full_screened,All combined records evaluated by the deterministic screen,8. Secure ccSeller,94,88,10,10,6,tutorial_training_recruitment,"Tutorial, guide, or training content",4,4.255,104,0.038462
full_screened,All combined records evaluated by the deterministic screen,9. Deep Shop,47,47,17,17,0,bank_drop_sale,Bank drop sale or bank-drop infrastructure,0,0.0,116,0.0
full_screened,All combined records evaluated by the deterministic screen,9. Deep Shop,47,47,17,17,0,bank_log_sale,Compromised bank log sale or discussion,15,31.915,178,0.08427
full_screened,All combined records evaluated by the deterministic screen,9. Deep Shop,47,47,17,17,0,cashout_laundering_service,Cash-out or laundering service,4,8.511,118,0.033898
full_screened,All combined records evaluated by the deterministic screen,9. Deep Shop,47,47,17,17,0,crypto_payment_or_conversion,Cryptocurrency payment or conversion reference,10,21.277,126,0.079365
full_screened,All combined records evaluated by the deterministic screen,9. Deep Shop,47,47,17,17,0,email_access_takeover,Email-access-enabled account takeover,2,4.255,62,0.032258
full_screened,All combined records evaluated by the deterministic screen,9. Deep Shop,47,47,17,17,0,escrow_trust_reputation,"Escrow, trust, reputation, or scam-risk discourse",7,14.894,121,0.057851
full_screened,All combined records evaluated by the deterministic screen,9. Deep Shop,47,47,17,17,0,fullz_identity_package,Fullz or identity package,1,2.128,124,0.008065
full_screened,All combined records evaluated by the deterministic screen,9. Deep Shop,47,47,17,17,0,jurisdiction_localisation,Jurisdiction-specific bank or account reference,0,0.0,117,0.0
full_screened,All combined records evaluated by the deterministic screen,9. Deep Shop,47,47,17,17,0,mule_recruitment,Mule recruitment or account-holder solicitation,0,0.0,9,0.0
full_screened,All combined records evaluated by the deterministic screen,9. Deep Shop,47,47,17,17,0,telegram_off_platform,Telegram or private-channel coordination reference,2,4.255,82,0.02439
full_screened,All combined records evaluated by the deterministic screen,9. Deep Shop,47,47,17,17,0,tutorial_training_recruitment,"Tutorial, guide, or training content",4,8.511,104,0.038462
exact_text_unique_sensitivity,One deterministic representative per combined-text SHA-256 value; sensitivity population only,1. Dread,48,48,40,40,0,bank_drop_sale,Bank drop sale or bank-drop infrastructure,19,39.583,116,0.163793
exact_text_unique_sensitivity,One deterministic representative per combined-text SHA-256 value; sensitivity population only,1. Dread,48,48,40,40,0,bank_log_sale,Compromised bank log sale or discussion,15,31.25,177,0.084746
exact_text_unique_sensitivity,One deterministic representative per combined-text SHA-256 value; sensitivity population only,1. Dread,48,48,40,40,0,cashout_laundering_service,Cash-out or laundering service,10,20.833,118,0.084746
exact_text_unique_sensitivity,One deterministic representative per combined-text SHA-256 value; sensitivity population only,1. Dread,48,48,40,40,0,crypto_payment_or_conversion,Cryptocurrency payment or conversion reference,10,20.833,126,0.079365
exact_text_unique_sensitivity,One deterministic representative per combined-text SHA-256 value; sensitivity population only,1. Dread,48,48,40,40,0,email_access_takeover,Email-access-enabled account takeover,3,6.25,62,0.048387
exact_text_unique_sensitivity,One deterministic representative per combined-text SHA-256 value; sensitivity population only,1. Dread,48,48,40,40,0,escrow_trust_reputation,"Escrow, trust, reputation, or scam-risk discourse",22,45.833,120,0.183333
exact_text_unique_sensitivity,One deterministic representative per combined-text SHA-256 value; sensitivity population only,1. Dread,48,48,40,40,0,fullz_identity_package,Fullz or identity package,11,22.917,124,0.08871
exact_text_unique_sensitivity,One deterministic representative per combined-text SHA-256 value; sensitivity population only,1. Dread,48,48,40,40,0,jurisdiction_localisation,Jurisdiction-specific bank or account reference,17,35.417,116,0.146552
exact_text_unique_sensitivity,One deterministic representative per combined-text SHA-256 value; sensitivity population only,1. Dread,48,48,40,40,0,mule_recruitment,Mule recruitment or account-holder solicitation,2,4.167,9,0.222222
exact_text_unique_sensitivity,One deterministic representative per combined-text SHA-256 value; sensitivity population only,1. Dread,48,48,40,40,0,telegram_off_platform,Telegram or private-channel coordination reference,13,27.083,81,0.160494
exact_text_unique_sensitivity,One deterministic representative per combined-text SHA-256 value; sensitivity population only,1. Dread,48,48,40,40,0,tutorial_training_recruitment,"Tutorial, guide, or training content",17,35.417,104,0.163462
exact_text_unique_sensitivity,One deterministic representative per combined-text SHA-256 value; sensitivity population only,10. Tor Shop,50,49,41,41,1,bank_drop_sale,Bank drop sale or bank-drop infrastructure,32,64.0,116,0.275862
exact_text_unique_sensitivity,One deterministic representative per combined-text SHA-256 value; sensitivity population only,10. Tor Shop,50,49,41,41,1,bank_log_sale,Compromised bank log sale or discussion,29,58.0,177,0.163842
exact_text_unique_sensitivity,One deterministic representative per combined-text SHA-256 value; sensitivity population only,10. Tor Shop,50,49,41,41,1,cashout_laundering_service,Cash-out or laundering service,9,18.0,118,0.076271
exact_text_unique_sensitivity,One deterministic representative per combined-text SHA-256 value; sensitivity population only,10. Tor Shop,50,49,41,41,1,crypto_payment_or_conversion,Cryptocurrency payment or conversion reference,14,28.0,126,0.111111
exact_text_unique_sensitivity,One deterministic representative per combined-text SHA-256 value; sensitivity population only,10. Tor Shop,50,49,41,41,1,email_access_takeover,Email-access-enabled account takeover,7,14.0,62,0.112903
exact_text_unique_sensitivity,One deterministic representative per combined-text SHA-256 value; sensitivity population only,10. Tor Shop,50,49,41,41,1,escrow_trust_reputation,"Escrow, trust, reputation, or scam-risk discourse",0,0.0,120,0.0
exact_text_unique_sensitivity,One deterministic representative per combined-text SHA-256 value; sensitivity population only,10. Tor Shop,50,49,41,41,1,fullz_identity_package,Fullz or identity package,24,48.0,124,0.193548
exact_text_unique_sensitivity,One deterministic representative per combined-text SHA-256 value; sensitivity population only,10. Tor Shop,50,49,41,41,1,jurisdiction_localisation,Jurisdiction-specific bank or account reference,13,26.0,116,0.112069
exact_text_unique_sensitivity,One deterministic representative per combined-text SHA-256 value; sensitivity population only,10. Tor Shop,50,49,41,41,1,mule_recruitment,Mule recruitment or account-holder solicitation,0,0.0,9,0.0
exact_text_unique_sensitivity,One deterministic representative per combined-text SHA-256 value; sensitivity population only,10. Tor Shop,50,49,41,41,1,telegram_off_platform,Telegram or private-channel coordination reference,0,0.0,81,0.0
exact_text_unique_sensitivity,One deterministic representative per combined-text SHA-256 value; sensitivity population only,10. Tor Shop,50,49,41,41,1,tutorial_training_recruitment,"Tutorial, guide, or training content",12,24.0,104,0.115385
exact_text_unique_sensitivity,One deterministic representative per combined-text SHA-256 value; sensitivity population only,11. Legit Market,31,31,27,27,0,bank_drop_sale,Bank drop sale or bank-drop infrastructure,11,35.484,116,0.094828
exact_text_unique_sensitivity,One deterministic representative per combined-text SHA-256 value; sensitivity population only,11. Legit Market,31,31,27,27,0,bank_log_sale,Compromised bank log sale or discussion,15,48.387,177,0.084746
exact_text_unique_sensitivity,One deterministic representative per combined-text SHA-256 value; sensitivity population only,11. Legit Market,31,31,27,27,0,cashout_laundering_service,Cash-out or laundering service,3,9.677,118,0.025424
exact_text_unique_sensitivity,One deterministic representative per combined-text SHA-256 value; sensitivity population only,11. Legit Market,31,31,27,27,0,crypto_payment_or_conversion,Cryptocurrency payment or conversion reference,6,19.355,126,0.047619
exact_text_unique_sensitivity,One deterministic representative per combined-text SHA-256 value; sensitivity population only,11. Legit Market,31,31,27,27,0,email_access_takeover,Email-access-enabled account takeover,4,12.903,62,0.064516
exact_text_unique_sensitivity,One deterministic representative per combined-text SHA-256 value; sensitivity population only,11. Legit Market,31,31,27,27,0,escrow_trust_reputation,"Escrow, trust, reputation, or scam-risk discourse",20,64.516,120,0.166667
exact_text_unique_sensitivity,One deterministic representative per combined-text SHA-256 value; sensitivity population only,11. Legit Market,31,31,27,27,0,fullz_identity_package,Fullz or identity package,2,6.452,124,0.016129
exact_text_unique_sensitivity,One deterministic representative per combined-text SHA-256 value; sensitivity population only,11. Legit Market,31,31,27,27,0,jurisdiction_localisation,Jurisdiction-specific bank or account reference,12,38.71,116,0.103448
exact_text_unique_sensitivity,One deterministic representative per combined-text SHA-256 value; sensitivity population only,11. Legit Market,31,31,27,27,0,mule_recruitment,Mule recruitment or account-holder solicitation,0,0.0,9,0.0
exact_text_unique_sensitivity,One deterministic representative per combined-text SHA-256 value; sensitivity population only,11. Legit Market,31,31,27,27,0,telegram_off_platform,Telegram or private-channel coordination reference,1,3.226,81,0.012346
exact_text_unique_sensitivity,One deterministic representative per combined-text SHA-256 value; sensitivity population only,11. Legit Market,31,31,27,27,0,tutorial_training_recruitment,"Tutorial, guide, or training content",3,9.677,104,0.028846
exact_text_unique_sensitivity,One deterministic representative per combined-text SHA-256 value; sensitivity population only,12. TORCH Tor Search,6,6,6,6,0,bank_drop_sale,Bank drop sale or bank-drop infrastructure,2,33.333,116,0.017241
exact_text_unique_sensitivity,One deterministic representative per combined-text SHA-256 value; sensitivity population only,12. TORCH Tor Search,6,6,6,6,0,bank_log_sale,Compromised bank log sale or discussion,2,33.333,177,0.011299
exact_text_unique_sensitivity,One deterministic representative per combined-text SHA-256 value; sensitivity population only,12. TORCH Tor Search,6,6,6,6,0,cashout_laundering_service,Cash-out or laundering service,0,0.0,118,0.0
exact_text_unique_sensitivity,One deterministic representative per combined-text SHA-256 value; sensitivity population only,12. TORCH Tor Search,6,6,6,6,0,crypto_payment_or_conversion,Cryptocurrency payment or conversion reference,0,0.0,126,0.0
exact_text_unique_sensitivity,One deterministic representative per combined-text SHA-256 value; sensitivity population only,12. TORCH Tor Search,6,6,6,6,0,email_access_takeover,Email-access-enabled account takeover,0,0.0,62,0.0
exact_text_unique_sensitivity,One deterministic representative per combined-text SHA-256 value; sensitivity population only,12. TORCH Tor Search,6,6,6,6,0,escrow_trust_reputation,"Escrow, trust, reputation, or scam-risk discourse",0,0.0,120,0.0
exact_text_unique_sensitivity,One deterministic representative per combined-text SHA-256 value; sensitivity population only,12. TORCH Tor Search,6,6,6,6,0,fullz_identity_package,Fullz or identity package,0,0.0,124,0.0
exact_text_unique_sensitivity,One deterministic representative per combined-text SHA-256 value; sensitivity population only,12. TORCH Tor Search,6,6,6,6,0,jurisdiction_localisation,Jurisdiction-specific bank or account reference,0,0.0,116,0.0
exact_text_unique_sensitivity,One deterministic representative per combined-text SHA-256 value; sensitivity population only,12. TORCH Tor Search,6,6,6,6,0,mule_recruitment,Mule recruitment or account-holder solicitation,0,0.0,9,0.0
exact_text_unique_sensitivity,One deterministic representative per combined-text SHA-256 value; sensitivity population only,12. TORCH Tor Search,6,6,6,6,0,telegram_off_platform,Telegram or private-channel coordination reference,0,0.0,81,0.0
exact_text_unique_sensitivity,One deterministic representative per combined-text SHA-256 value; sensitivity population only,12. TORCH Tor Search,6,6,6,6,0,tutorial_training_recruitment,"Tutorial, guide, or training content",0,0.0,104,0.0
exact_text_unique_sensitivity,One deterministic representative per combined-text SHA-256 value; sensitivity population only,13. Bank Logs,1,1,0,0,0,bank_drop_sale,Bank drop sale or bank-drop infrastructure,0,0.0,116,0.0
exact_text_unique_sensitivity,One deterministic representative per combined-text SHA-256 value; sensitivity population only,13. Bank Logs,1,1,0,0,0,bank_log_sale,Compromised bank log sale or discussion,0,0.0,177,0.0
exact_text_unique_sensitivity,One deterministic representative per combined-text SHA-256 value; sensitivity population only,13. Bank Logs,1,1,0,0,0,cashout_laundering_service,Cash-out or laundering service,0,0.0,118,0.0
exact_text_unique_sensitivity,One deterministic representative per combined-text SHA-256 value; sensitivity population only,13. Bank Logs,1,1,0,0,0,crypto_payment_or_conversion,Cryptocurrency payment or conversion reference,0,0.0,126,0.0
exact_text_unique_sensitivity,One deterministic representative per combined-text SHA-256 value; sensitivity population only,13. Bank Logs,1,1,0,0,0,email_access_takeover,Email-access-enabled account takeover,0,0.0,62,0.0
exact_text_unique_sensitivity,One deterministic representative per combined-text SHA-256 value; sensitivity population only,13. Bank Logs,1,1,0,0,0,escrow_trust_reputation,"Escrow, trust, reputation, or scam-risk discourse",0,0.0,120,0.0
exact_text_unique_sensitivity,One deterministic representative per combined-text SHA-256 value; sensitivity population only,13. Bank Logs,1,1,0,0,0,fullz_identity_package,Fullz or identity package,0,0.0,124,0.0
exact_text_unique_sensitivity,One deterministic representative per combined-text SHA-256 value; sensitivity population only,13. Bank Logs,1,1,0,0,0,jurisdiction_localisation,Jurisdiction-specific bank or account reference,0,0.0,116,0.0
exact_text_unique_sensitivity,One deterministic representative per combined-text SHA-256 value; sensitivity population only,13. Bank Logs,1,1,0,0,0,mule_recruitment,Mule recruitment or account-holder solicitation,0,0.0,9,0.0
exact_text_unique_sensitivity,One deterministic representative per combined-text SHA-256 value; sensitivity population only,13. Bank Logs,1,1,0,0,0,telegram_off_platform,Telegram or private-channel coordination reference,0,0.0,81,0.0
exact_text_unique_sensitivity,One deterministic representative per combined-text SHA-256 value; sensitivity population only,13. Bank Logs,1,1,0,0,0,tutorial_training_recruitment,"Tutorial, guide, or training content",0,0.0,104,0.0
exact_text_unique_sensitivity,One deterministic representative per combined-text SHA-256 value; sensitivity population only,14. Lonely Road,4,4,3,3,0,bank_drop_sale,Bank drop sale or bank-drop infrastructure,0,0.0,116,0.0
exact_text_unique_sensitivity,One deterministic representative per combined-text SHA-256 value; sensitivity population only,14. Lonely Road,4,4,3,3,0,bank_log_sale,Compromised bank log sale or discussion,1,25.0,177,0.00565
exact_text_unique_sensitivity,One deterministic representative per combined-text SHA-256 value; sensitivity population only,14. Lonely Road,4,4,3,3,0,cashout_laundering_service,Cash-out or laundering service,0,0.0,118,0.0
exact_text_unique_sensitivity,One deterministic representative per combined-text SHA-256 value; sensitivity population only,14. Lonely Road,4,4,3,3,0,crypto_payment_or_conversion,Cryptocurrency payment or conversion reference,3,75.0,126,0.02381
exact_text_unique_sensitivity,One deterministic representative per combined-text SHA-256 value; sensitivity population only,14. Lonely Road,4,4,3,3,0,email_access_takeover,Email-access-enabled account takeover,0,0.0,62,0.0
exact_text_unique_sensitivity,One deterministic representative per combined-text SHA-256 value; sensitivity population only,14. Lonely Road,4,4,3,3,0,escrow_trust_reputation,"Escrow, trust, reputation, or scam-risk discourse",0,0.0,120,0.0
exact_text_unique_sensitivity,One deterministic representative per combined-text SHA-256 value; sensitivity population only,14. Lonely Road,4,4,3,3,0,fullz_identity_package,Fullz or identity package,0,0.0,124,0.0
exact_text_unique_sensitivity,One deterministic representative per combined-text SHA-256 value; sensitivity population only,14. Lonely Road,4,4,3,3,0,jurisdiction_localisation,Jurisdiction-specific bank or account reference,1,25.0,116,0.008621
exact_text_unique_sensitivity,One deterministic representative per combined-text SHA-256 value; sensitivity population only,14. Lonely Road,4,4,3,3,0,mule_recruitment,Mule recruitment or account-holder solicitation,0,0.0,9,0.0
exact_text_unique_sensitivity,One deterministic representative per combined-text SHA-256 value; sensitivity population only,14. Lonely Road,4,4,3,3,0,telegram_off_platform,Telegram or private-channel coordination reference,0,0.0,81,0.0
exact_text_unique_sensitivity,One deterministic representative per combined-text SHA-256 value; sensitivity population only,14. Lonely Road,4,4,3,3,0,tutorial_training_recruitment,"Tutorial, guide, or training content",0,0.0,104,0.0
exact_text_unique_sensitivity,One deterministic representative per combined-text SHA-256 value; sensitivity population only,15. Tenebris,6,6,5,5,0,bank_drop_sale,Bank drop sale or bank-drop infrastructure,1,16.667,116,0.008621
exact_text_unique_sensitivity,One deterministic representative per combined-text SHA-256 value; sensitivity population only,15. Tenebris,6,6,5,5,0,bank_log_sale,Compromised bank log sale or discussion,3,50.0,177,0.016949
exact_text_unique_sensitivity,One deterministic representative per combined-text SHA-256 value; sensitivity population only,15. Tenebris,6,6,5,5,0,cashout_laundering_service,Cash-out or laundering service,3,50.0,118,0.025424
exact_text_unique_sensitivity,One deterministic representative per combined-text SHA-256 value; sensitivity population only,15. Tenebris,6,6,5,5,0,crypto_payment_or_conversion,Cryptocurrency payment or conversion reference,4,66.667,126,0.031746
exact_text_unique_sensitivity,One deterministic representative per combined-text SHA-256 value; sensitivity population only,15. Tenebris,6,6,5,5,0,email_access_takeover,Email-access-enabled account takeover,1,16.667,62,0.016129
exact_text_unique_sensitivity,One deterministic representative per combined-text SHA-256 value; sensitivity population only,15. Tenebris,6,6,5,5,0,escrow_trust_reputation,"Escrow, trust, reputation, or scam-risk discourse",3,50.0,120,0.025
exact_text_unique_sensitivity,One deterministic representative per combined-text SHA-256 value; sensitivity population only,15. Tenebris,6,6,5,5,0,fullz_identity_package,Fullz or identity package,0,0.0,124,0.0
exact_text_unique_sensitivity,One deterministic representative per combined-text SHA-256 value; sensitivity population only,15. Tenebris,6,6,5,5,0,jurisdiction_localisation,Jurisdiction-specific bank or account reference,1,16.667,116,0.008621
exact_text_unique_sensitivity,One deterministic representative per combined-text SHA-256 value; sensitivity population only,15. Tenebris,6,6,5,5,0,mule_recruitment,Mule recruitment or account-holder solicitation,0,0.0,9,0.0
exact_text_unique_sensitivity,One deterministic representative per combined-text SHA-256 value; sensitivity population only,15. Tenebris,6,6,5,5,0,telegram_off_platform,Telegram or private-channel coordination reference,4,66.667,81,0.049383
exact_text_unique_sensitivity,One deterministic representative per combined-text SHA-256 value; sensitivity population only,15. Tenebris,6,6,5,5,0,tutorial_training_recruitment,"Tutorial, guide, or training content",3,50.0,104,0.028846
exact_text_unique_sensitivity,One deterministic representative per combined-text SHA-256 value; sensitivity population only,17. XmrBazaar,3,3,3,3,0,bank_drop_sale,Bank drop sale or bank-drop infrastructure,1,33.333,116,0.008621
exact_text_unique_sensitivity,One deterministic representative per combined-text SHA-256 value; sensitivity population only,17. XmrBazaar,3,3,3,3,0,bank_log_sale,Compromised bank log sale or discussion,0,0.0,177,0.0
exact_text_unique_sensitivity,One deterministic representative per combined-text SHA-256 value; sensitivity population only,17. XmrBazaar,3,3,3,3,0,cashout_laundering_service,Cash-out or laundering service,0,0.0,118,0.0
exact_text_unique_sensitivity,One deterministic representative per combined-text SHA-256 value; sensitivity population only,17. XmrBazaar,3,3,3,3,0,crypto_payment_or_conversion,Cryptocurrency payment or conversion reference,2,66.667,126,0.015873
exact_text_unique_sensitivity,One deterministic representative per combined-text SHA-256 value; sensitivity population only,17. XmrBazaar,3,3,3,3,0,email_access_takeover,Email-access-enabled account takeover,0,0.0,62,0.0
exact_text_unique_sensitivity,One deterministic representative per combined-text SHA-256 value; sensitivity population only,17. XmrBazaar,3,3,3,3,0,escrow_trust_reputation,"Escrow, trust, reputation, or scam-risk discourse",1,33.333,120,0.008333
exact_text_unique_sensitivity,One deterministic representative per combined-text SHA-256 value; sensitivity population only,17. XmrBazaar,3,3,3,3,0,fullz_identity_package,Fullz or identity package,0,0.0,124,0.0
exact_text_unique_sensitivity,One deterministic representative per combined-text SHA-256 value; sensitivity population only,17. XmrBazaar,3,3,3,3,0,jurisdiction_localisation,Jurisdiction-specific bank or account reference,0,0.0,116,0.0
exact_text_unique_sensitivity,One deterministic representative per combined-text SHA-256 value; sensitivity population only,17. XmrBazaar,3,3,3,3,0,mule_recruitment,Mule recruitment or account-holder solicitation,0,0.0,9,0.0
exact_text_unique_sensitivity,One deterministic representative per combined-text SHA-256 value; sensitivity population only,17. XmrBazaar,3,3,3,3,0,telegram_off_platform,Telegram or private-channel coordination reference,0,0.0,81,0.0
exact_text_unique_sensitivity,One deterministic representative per combined-text SHA-256 value; sensitivity population only,17. XmrBazaar,3,3,3,3,0,tutorial_training_recruitment,"Tutorial, guide, or training content",1,33.333,104,0.009615
exact_text_unique_sensitivity,One deterministic representative per combined-text SHA-256 value; sensitivity population only,2. Altenen,36,36,33,33,0,bank_drop_sale,Bank drop sale or bank-drop infrastructure,2,5.556,116,0.017241
exact_text_unique_sensitivity,One deterministic representative per combined-text SHA-256 value; sensitivity population only,2. Altenen,36,36,33,33,0,bank_log_sale,Compromised bank log sale or discussion,15,41.667,177,0.084746
exact_text_unique_sensitivity,One deterministic representative per combined-text SHA-256 value; sensitivity population only,2. Altenen,36,36,33,33,0,cashout_laundering_service,Cash-out or laundering service,9,25.0,118,0.076271
exact_text_unique_sensitivity,One deterministic representative per combined-text SHA-256 value; sensitivity population only,2. Altenen,36,36,33,33,0,crypto_payment_or_conversion,Cryptocurrency payment or conversion reference,13,36.111,126,0.103175
exact_text_unique_sensitivity,One deterministic representative per combined-text SHA-256 value; sensitivity population only,2. Altenen,36,36,33,33,0,email_access_takeover,Email-access-enabled account takeover,4,11.111,62,0.064516
exact_text_unique_sensitivity,One deterministic representative per combined-text SHA-256 value; sensitivity population only,2. Altenen,36,36,33,33,0,escrow_trust_reputation,"Escrow, trust, reputation, or scam-risk discourse",2,5.556,120,0.016667
exact_text_unique_sensitivity,One deterministic representative per combined-text SHA-256 value; sensitivity population only,2. Altenen,36,36,33,33,0,fullz_identity_package,Fullz or identity package,19,52.778,124,0.153226
exact_text_unique_sensitivity,One deterministic representative per combined-text SHA-256 value; sensitivity population only,2. Altenen,36,36,33,33,0,jurisdiction_localisation,Jurisdiction-specific bank or account reference,0,0.0,116,0.0
exact_text_unique_sensitivity,One deterministic representative per combined-text SHA-256 value; sensitivity population only,2. Altenen,36,36,33,33,0,mule_recruitment,Mule recruitment or account-holder solicitation,3,8.333,9,0.333333
exact_text_unique_sensitivity,One deterministic representative per combined-text SHA-256 value; sensitivity population only,2. Altenen,36,36,33,33,0,telegram_off_platform,Telegram or private-channel coordination reference,18,50.0,81,0.222222
exact_text_unique_sensitivity,One deterministic representative per combined-text SHA-256 value; sensitivity population only,2. Altenen,36,36,33,33,0,tutorial_training_recruitment,"Tutorial, guide, or training content",19,52.778,104,0.182692
exact_text_unique_sensitivity,One deterministic representative per combined-text SHA-256 value; sensitivity population only,3. Pitch,68,68,63,63,0,bank_drop_sale,Bank drop sale or bank-drop infrastructure,12,17.647,116,0.103448
exact_text_unique_sensitivity,One deterministic representative per combined-text SHA-256 value; sensitivity population only,3. Pitch,68,68,63,63,0,bank_log_sale,Compromised bank log sale or discussion,15,22.059,177,0.084746
exact_text_unique_sensitivity,One deterministic representative per combined-text SHA-256 value; sensitivity population only,3. Pitch,68,68,63,63,0,cashout_laundering_service,Cash-out or laundering service,12,17.647,118,0.101695
exact_text_unique_sensitivity,One deterministic representative per combined-text SHA-256 value; sensitivity population only,3. Pitch,68,68,63,63,0,crypto_payment_or_conversion,Cryptocurrency payment or conversion reference,16,23.529,126,0.126984
exact_text_unique_sensitivity,One deterministic representative per combined-text SHA-256 value; sensitivity population only,3. Pitch,68,68,63,63,0,email_access_takeover,Email-access-enabled account takeover,9,13.235,62,0.145161
exact_text_unique_sensitivity,One deterministic representative per combined-text SHA-256 value; sensitivity population only,3. Pitch,68,68,63,63,0,escrow_trust_reputation,"Escrow, trust, reputation, or scam-risk discourse",17,25.0,120,0.141667
exact_text_unique_sensitivity,One deterministic representative per combined-text SHA-256 value; sensitivity population only,3. Pitch,68,68,63,63,0,fullz_identity_package,Fullz or identity package,12,17.647,124,0.096774
exact_text_unique_sensitivity,One deterministic representative per combined-text SHA-256 value; sensitivity population only,3. Pitch,68,68,63,63,0,jurisdiction_localisation,Jurisdiction-specific bank or account reference,13,19.118,116,0.112069
exact_text_unique_sensitivity,One deterministic representative per combined-text SHA-256 value; sensitivity population only,3. Pitch,68,68,63,63,0,mule_recruitment,Mule recruitment or account-holder solicitation,3,4.412,9,0.333333
exact_text_unique_sensitivity,One deterministic representative per combined-text SHA-256 value; sensitivity population only,3. Pitch,68,68,63,63,0,telegram_off_platform,Telegram or private-channel coordination reference,19,27.941,81,0.234568
exact_text_unique_sensitivity,One deterministic representative per combined-text SHA-256 value; sensitivity population only,3. Pitch,68,68,63,63,0,tutorial_training_recruitment,"Tutorial, guide, or training content",20,29.412,104,0.192308
exact_text_unique_sensitivity,One deterministic representative per combined-text SHA-256 value; sensitivity population only,4. Caders Heven,33,33,27,27,0,bank_drop_sale,Bank drop sale or bank-drop infrastructure,6,18.182,116,0.051724
exact_text_unique_sensitivity,One deterministic representative per combined-text SHA-256 value; sensitivity population only,4. Caders Heven,33,33,27,27,0,bank_log_sale,Compromised bank log sale or discussion,28,84.848,177,0.158192
exact_text_unique_sensitivity,One deterministic representative per combined-text SHA-256 value; sensitivity population only,4. Caders Heven,33,33,27,27,0,cashout_laundering_service,Cash-out or laundering service,22,66.667,118,0.186441
exact_text_unique_sensitivity,One deterministic representative per combined-text SHA-256 value; sensitivity population only,4. Caders Heven,33,33,27,27,0,crypto_payment_or_conversion,Cryptocurrency payment or conversion reference,24,72.727,126,0.190476
exact_text_unique_sensitivity,One deterministic representative per combined-text SHA-256 value; sensitivity population only,4. Caders Heven,33,33,27,27,0,email_access_takeover,Email-access-enabled account takeover,4,12.121,62,0.064516
exact_text_unique_sensitivity,One deterministic representative per combined-text SHA-256 value; sensitivity population only,4. Caders Heven,33,33,27,27,0,escrow_trust_reputation,"Escrow, trust, reputation, or scam-risk discourse",1,3.03,120,0.008333
exact_text_unique_sensitivity,One deterministic representative per combined-text SHA-256 value; sensitivity population only,4. Caders Heven,33,33,27,27,0,fullz_identity_package,Fullz or identity package,12,36.364,124,0.096774
exact_text_unique_sensitivity,One deterministic representative per combined-text SHA-256 value; sensitivity population only,4. Caders Heven,33,33,27,27,0,jurisdiction_localisation,Jurisdiction-specific bank or account reference,2,6.061,116,0.017241
exact_text_unique_sensitivity,One deterministic representative per combined-text SHA-256 value; sensitivity population only,4. Caders Heven,33,33,27,27,0,mule_recruitment,Mule recruitment or account-holder solicitation,0,0.0,9,0.0
exact_text_unique_sensitivity,One deterministic representative per combined-text SHA-256 value; sensitivity population only,4. Caders Heven,33,33,27,27,0,telegram_off_platform,Telegram or private-channel coordination reference,0,0.0,81,0.0
exact_text_unique_sensitivity,One deterministic representative per combined-text SHA-256 value; sensitivity population only,4. Caders Heven,33,33,27,27,0,tutorial_training_recruitment,"Tutorial, guide, or training content",2,6.061,104,0.019231
exact_text_unique_sensitivity,One deterministic representative per combined-text SHA-256 value; sensitivity population only,5. CardPro,47,47,38,38,0,bank_drop_sale,Bank drop sale or bank-drop infrastructure,6,12.766,116,0.051724
exact_text_unique_sensitivity,One deterministic representative per combined-text SHA-256 value; sensitivity population only,5. CardPro,47,47,38,38,0,bank_log_sale,Compromised bank log sale or discussion,2,4.255,177,0.011299
exact_text_unique_sensitivity,One deterministic representative per combined-text SHA-256 value; sensitivity population only,5. CardPro,47,47,38,38,0,cashout_laundering_service,Cash-out or laundering service,32,68.085,118,0.271186
exact_text_unique_sensitivity,One deterministic representative per combined-text SHA-256 value; sensitivity population only,5. CardPro,47,47,38,38,0,crypto_payment_or_conversion,Cryptocurrency payment or conversion reference,7,14.894,126,0.055556
exact_text_unique_sensitivity,One deterministic representative per combined-text SHA-256 value; sensitivity population only,5. CardPro,47,47,38,38,0,email_access_takeover,Email-access-enabled account takeover,0,0.0,62,0.0
exact_text_unique_sensitivity,One deterministic representative per combined-text SHA-256 value; sensitivity population only,5. CardPro,47,47,38,38,0,escrow_trust_reputation,"Escrow, trust, reputation, or scam-risk discourse",4,8.511,120,0.033333
exact_text_unique_sensitivity,One deterministic representative per combined-text SHA-256 value; sensitivity population only,5. CardPro,47,47,38,38,0,fullz_identity_package,Fullz or identity package,5,10.638,124,0.040323
exact_text_unique_sensitivity,One deterministic representative per combined-text SHA-256 value; sensitivity population only,5. CardPro,47,47,38,38,0,jurisdiction_localisation,Jurisdiction-specific bank or account reference,11,23.404,116,0.094828
exact_text_unique_sensitivity,One deterministic representative per combined-text SHA-256 value; sensitivity population only,5. CardPro,47,47,38,38,0,mule_recruitment,Mule recruitment or account-holder solicitation,1,2.128,9,0.111111
exact_text_unique_sensitivity,One deterministic representative per combined-text SHA-256 value; sensitivity population only,5. CardPro,47,47,38,38,0,telegram_off_platform,Telegram or private-channel coordination reference,22,46.809,81,0.271605
exact_text_unique_sensitivity,One deterministic representative per combined-text SHA-256 value; sensitivity population only,5. CardPro,47,47,38,38,0,tutorial_training_recruitment,"Tutorial, guide, or training content",3,6.383,104,0.028846
exact_text_unique_sensitivity,One deterministic representative per combined-text SHA-256 value; sensitivity population only,6. The X Wave Market,48,48,41,41,0,bank_drop_sale,Bank drop sale or bank-drop infrastructure,9,18.75,116,0.077586
exact_text_unique_sensitivity,One deterministic representative per combined-text SHA-256 value; sensitivity population only,6. The X Wave Market,48,48,41,41,0,bank_log_sale,Compromised bank log sale or discussion,5,10.417,177,0.028249
exact_text_unique_sensitivity,One deterministic representative per combined-text SHA-256 value; sensitivity population only,6. The X Wave Market,48,48,41,41,0,cashout_laundering_service,Cash-out or laundering service,10,20.833,118,0.084746
exact_text_unique_sensitivity,One deterministic representative per combined-text SHA-256 value; sensitivity population only,6. The X Wave Market,48,48,41,41,0,crypto_payment_or_conversion,Cryptocurrency payment or conversion reference,10,20.833,126,0.079365
exact_text_unique_sensitivity,One deterministic representative per combined-text SHA-256 value; sensitivity population only,6. The X Wave Market,48,48,41,41,0,email_access_takeover,Email-access-enabled account takeover,3,6.25,62,0.048387
exact_text_unique_sensitivity,One deterministic representative per combined-text SHA-256 value; sensitivity population only,6. The X Wave Market,48,48,41,41,0,escrow_trust_reputation,"Escrow, trust, reputation, or scam-risk discourse",41,85.417,120,0.341667
exact_text_unique_sensitivity,One deterministic representative per combined-text SHA-256 value; sensitivity population only,6. The X Wave Market,48,48,41,41,0,fullz_identity_package,Fullz or identity package,20,41.667,124,0.16129
exact_text_unique_sensitivity,One deterministic representative per combined-text SHA-256 value; sensitivity population only,6. The X Wave Market,48,48,41,41,0,jurisdiction_localisation,Jurisdiction-specific bank or account reference,6,12.5,116,0.051724
exact_text_unique_sensitivity,One deterministic representative per combined-text SHA-256 value; sensitivity population only,6. The X Wave Market,48,48,41,41,0,mule_recruitment,Mule recruitment or account-holder solicitation,0,0.0,9,0.0
exact_text_unique_sensitivity,One deterministic representative per combined-text SHA-256 value; sensitivity population only,6. The X Wave Market,48,48,41,41,0,telegram_off_platform,Telegram or private-channel coordination reference,0,0.0,81,0.0
exact_text_unique_sensitivity,One deterministic representative per combined-text SHA-256 value; sensitivity population only,6. The X Wave Market,48,48,41,41,0,tutorial_training_recruitment,"Tutorial, guide, or training content",10,20.833,104,0.096154
exact_text_unique_sensitivity,One deterministic representative per combined-text SHA-256 value; sensitivity population only,7. Meta Banklogs,38,38,35,35,0,bank_drop_sale,Bank drop sale or bank-drop infrastructure,14,36.842,116,0.12069
exact_text_unique_sensitivity,One deterministic representative per combined-text SHA-256 value; sensitivity population only,7. Meta Banklogs,38,38,35,35,0,bank_log_sale,Compromised bank log sale or discussion,28,73.684,177,0.158192
exact_text_unique_sensitivity,One deterministic representative per combined-text SHA-256 value; sensitivity population only,7. Meta Banklogs,38,38,35,35,0,cashout_laundering_service,Cash-out or laundering service,4,10.526,118,0.033898
exact_text_unique_sensitivity,One deterministic representative per combined-text SHA-256 value; sensitivity population only,7. Meta Banklogs,38,38,35,35,0,crypto_payment_or_conversion,Cryptocurrency payment or conversion reference,6,15.789,126,0.047619
exact_text_unique_sensitivity,One deterministic representative per combined-text SHA-256 value; sensitivity population only,7. Meta Banklogs,38,38,35,35,0,email_access_takeover,Email-access-enabled account takeover,21,55.263,62,0.33871
exact_text_unique_sensitivity,One deterministic representative per combined-text SHA-256 value; sensitivity population only,7. Meta Banklogs,38,38,35,35,0,escrow_trust_reputation,"Escrow, trust, reputation, or scam-risk discourse",1,2.632,120,0.008333
exact_text_unique_sensitivity,One deterministic representative per combined-text SHA-256 value; sensitivity population only,7. Meta Banklogs,38,38,35,35,0,fullz_identity_package,Fullz or identity package,12,31.579,124,0.096774
exact_text_unique_sensitivity,One deterministic representative per combined-text SHA-256 value; sensitivity population only,7. Meta Banklogs,38,38,35,35,0,jurisdiction_localisation,Jurisdiction-specific bank or account reference,35,92.105,116,0.301724
exact_text_unique_sensitivity,One deterministic representative per combined-text SHA-256 value; sensitivity population only,7. Meta Banklogs,38,38,35,35,0,mule_recruitment,Mule recruitment or account-holder solicitation,0,0.0,9,0.0
exact_text_unique_sensitivity,One deterministic representative per combined-text SHA-256 value; sensitivity population only,7. Meta Banklogs,38,38,35,35,0,telegram_off_platform,Telegram or private-channel coordination reference,2,5.263,81,0.024691
exact_text_unique_sensitivity,One deterministic representative per combined-text SHA-256 value; sensitivity population only,7. Meta Banklogs,38,38,35,35,0,tutorial_training_recruitment,"Tutorial, guide, or training content",6,15.789,104,0.057692
exact_text_unique_sensitivity,One deterministic representative per combined-text SHA-256 value; sensitivity population only,8. Secure ccSeller,13,13,10,10,0,bank_drop_sale,Bank drop sale or bank-drop infrastructure,1,7.692,116,0.008621
exact_text_unique_sensitivity,One deterministic representative per combined-text SHA-256 value; sensitivity population only,8. Secure ccSeller,13,13,10,10,0,bank_log_sale,Compromised bank log sale or discussion,4,30.769,177,0.022599
exact_text_unique_sensitivity,One deterministic representative per combined-text SHA-256 value; sensitivity population only,8. Secure ccSeller,13,13,10,10,0,cashout_laundering_service,Cash-out or laundering service,0,0.0,118,0.0
exact_text_unique_sensitivity,One deterministic representative per combined-text SHA-256 value; sensitivity population only,8. Secure ccSeller,13,13,10,10,0,crypto_payment_or_conversion,Cryptocurrency payment or conversion reference,1,7.692,126,0.007937
exact_text_unique_sensitivity,One deterministic representative per combined-text SHA-256 value; sensitivity population only,8. Secure ccSeller,13,13,10,10,0,email_access_takeover,Email-access-enabled account takeover,4,30.769,62,0.064516
exact_text_unique_sensitivity,One deterministic representative per combined-text SHA-256 value; sensitivity population only,8. Secure ccSeller,13,13,10,10,0,escrow_trust_reputation,"Escrow, trust, reputation, or scam-risk discourse",1,7.692,120,0.008333
exact_text_unique_sensitivity,One deterministic representative per combined-text SHA-256 value; sensitivity population only,8. Secure ccSeller,13,13,10,10,0,fullz_identity_package,Fullz or identity package,6,46.154,124,0.048387
exact_text_unique_sensitivity,One deterministic representative per combined-text SHA-256 value; sensitivity population only,8. Secure ccSeller,13,13,10,10,0,jurisdiction_localisation,Jurisdiction-specific bank or account reference,5,38.462,116,0.043103
exact_text_unique_sensitivity,One deterministic representative per combined-text SHA-256 value; sensitivity population only,8. Secure ccSeller,13,13,10,10,0,mule_recruitment,Mule recruitment or account-holder solicitation,0,0.0,9,0.0
exact_text_unique_sensitivity,One deterministic representative per combined-text SHA-256 value; sensitivity population only,8. Secure ccSeller,13,13,10,10,0,telegram_off_platform,Telegram or private-channel coordination reference,0,0.0,81,0.0
exact_text_unique_sensitivity,One deterministic representative per combined-text SHA-256 value; sensitivity population only,8. Secure ccSeller,13,13,10,10,0,tutorial_training_recruitment,"Tutorial, guide, or training content",4,30.769,104,0.038462
exact_text_unique_sensitivity,One deterministic representative per combined-text SHA-256 value; sensitivity population only,9. Deep Shop,31,31,17,17,0,bank_drop_sale,Bank drop sale or bank-drop infrastructure,0,0.0,116,0.0
exact_text_unique_sensitivity,One deterministic representative per combined-text SHA-256 value; sensitivity population only,9. Deep Shop,31,31,17,17,0,bank_log_sale,Compromised bank log sale or discussion,15,48.387,177,0.084746
exact_text_unique_sensitivity,One deterministic representative per combined-text SHA-256 value; sensitivity population only,9. Deep Shop,31,31,17,17,0,cashout_laundering_service,Cash-out or laundering service,4,12.903,118,0.033898
exact_text_unique_sensitivity,One deterministic representative per combined-text SHA-256 value; sensitivity population only,9. Deep Shop,31,31,17,17,0,crypto_payment_or_conversion,Cryptocurrency payment or conversion reference,10,32.258,126,0.079365
exact_text_unique_sensitivity,One deterministic representative per combined-text SHA-256 value; sensitivity population only,9. Deep Shop,31,31,17,17,0,email_access_takeover,Email-access-enabled account takeover,2,6.452,62,0.032258
exact_text_unique_sensitivity,One deterministic representative per combined-text SHA-256 value; sensitivity population only,9. Deep Shop,31,31,17,17,0,escrow_trust_reputation,"Escrow, trust, reputation, or scam-risk discourse",7,22.581,120,0.058333
exact_text_unique_sensitivity,One deterministic representative per combined-text SHA-256 value; sensitivity population only,9. Deep Shop,31,31,17,17,0,fullz_identity_package,Fullz or identity package,1,3.226,124,0.008065
exact_text_unique_sensitivity,One deterministic representative per combined-text SHA-256 value; sensitivity population only,9. Deep Shop,31,31,17,17,0,jurisdiction_localisation,Jurisdiction-specific bank or account reference,0,0.0,116,0.0
exact_text_unique_sensitivity,One deterministic representative per combined-text SHA-256 value; sensitivity population only,9. Deep Shop,31,31,17,17,0,mule_recruitment,Mule recruitment or account-holder solicitation,0,0.0,9,0.0
exact_text_unique_sensitivity,One deterministic representative per combined-text SHA-256 value; sensitivity population only,9. Deep Shop,31,31,17,17,0,telegram_off_platform,Telegram or private-channel coordination reference,2,6.452,81,0.024691
exact_text_unique_sensitivity,One deterministic representative per combined-text SHA-256 value; sensitivity population only,9. Deep Shop,31,31,17,17,0,tutorial_training_recruitment,"Tutorial, guide, or training content",4,12.903,104,0.038462
