claim_id,claim_scope,approved_wording,status,primary_denominator_n,evidence_files,human_validation_boundary,sensitivity_boundary,prohibited_inference
JRS-01,Corpus screen,"The source archive contained 999 Markdown files; 19 internal or administrative files outside the source-folder boundary were excluded and the deterministic workflow screened 980 combined note records drawn from 16 represented source groups.",supported_descriptive,980,"workflow_manifest.json; outputs/phase1_aggregate/source_summary.csv; outputs/analysis_audit/corpus_screening_audit_summary.csv",Not a human-classification claim,"Report 463 exact-text representatives separately; retain 65 zero-word records in the disclosed full screen.",Do not call the records unique posts listings actors transactions offenders or victims.
JRS-02,OCR coverage,"The controlled Phase 2 run processed or replayed OCR for 1043 local image paths representing 1037 unique image-content hashes.",supported_descriptive,980,"workflow_manifest.json; outputs/phase2_aggregate/ocr_summary_by_source.csv; outputs/phase2_aggregate/PHASE2_CHECKPOINT_SUMMARY.md",OCR completion is not human verification of OCR accuracy,OCR contribution and image-content duplication remain sensitivity limitations.,Do not equate OCR completion with accurate transcription or independent evidence.
JRS-03,Typology screen,"The full deterministic screen retained 12 substantive typology categories and one separate collection-quality flag.",supported_descriptive,980,"outputs/phase3_aggregate/CODEBOOK_PHASE3.md; outputs/phase3_aggregate/typology_summary.csv; outputs/phase3_aggregate/PHASE3_ANALYTIC_OVERVIEW.md",Use target-level agreement and classification-performance rows for each substantive claim.,Compare the full screen with exact-text sensitivity and source-stability tables.,Do not treat categories or hits as incidents crimes or confirmed services.
JRS-04,Bank-log signal,"Bank-log lexical rules matched 178 of 980 screened combined note records and produced the largest substantive typology record count in the full deterministic screen.",qualified_descriptive,980,"outputs/phase3_aggregate/typology_summary.csv; outputs/phase4_aggregate/financial_crime_findings.csv; outputs/human_validation/human_validation_performance.csv",The bank_log_sale target had strong sample precision but imperfect sensitivity; report the target row and interval.,Check duplicate and leave-one-source-out outputs before emphasizing rank.,Do not infer verified account takeover inventory delivery prevalence or market leadership.
JRS-05,Crypto signal,"Cryptocurrency payment or conversion language was identified as a lexical signal in the captured corpus.",qualified_descriptive,980,"outputs/phase3_aggregate/typology_summary.csv; outputs/phase4_aggregate/financial_crime_findings.csv; outputs/human_validation/human_validation_performance.csv",Typology-level human performance is stronger than the separate crypto-to-bank AML candidate.,Use duplicate and source sensitivity when reporting its distribution.,Do not infer that conversion settlement laundering or money movement occurred.
JRS-06,AML candidates,"The six AML candidates are corpus-derived compound lexical relationships that may motivate further research.",exploratory_only,980,"outputs/phase4_aggregate/aml_red_flags_summary.csv; outputs/phase4_aggregate/phase4_recommendations.csv; outputs/human_validation/human_validation_performance.csv",Performance varies by candidate and the crypto-to-bank candidate has very low positive predictive value in the validation sample.,Retain target-level uncertainty and source sensitivity; no independent external AML review is claimed.,Do not call candidates red flags suspicious-activity indicators monitoring rules or validated controls.
JRS-07,Co-occurrence,"Selected typology signals co-occurred within screened combined note records.",exploratory_only,980,"outputs/derived_analysis/typology_cooccurrence.csv; outputs/derived_analysis/typology_cooccurrence_by_source.csv; outputs/derived_analysis/typology_cooccurrence_leave_one_source_out.csv",Human validation concerns the component targets rather than proving relationships between them.,Use exact-text and leave-one-source-out stability for every highlighted pair.,Do not infer sequence coordination common actors transactions causation or a completed service chain.
JRS-08,Source distribution,"Within-source and source-concentration tables describe how deterministic signals are distributed across the captured source groups.",qualified_descriptive,980,"outputs/derived_analysis/typology_source_normalized.csv; outputs/derived_analysis/source_concentration.csv; outputs/derived_analysis/source_leave_one_out.csv",Target-level validation may be sparse within individual sources.,Disclose small denominators and findings sensitive to removal of one source.,Do not generalise source shares to external markets or rank sources by criminality.
JRS-09,Vulnerable-group absence or rarity,"No deterministic positive match was produced for the vulnerable-group exploitation target in the full screen.",not_supported,980,"outputs/phase3_aggregate/typology_summary.csv; outputs/human_validation/human_validation_performance.csv",The validation sample contained no human-positive case for this target and cannot estimate sensitivity.,Missing language obfuscation inaccessible channels and sampling coverage prevent an absence conclusion.,Do not state that exploitation was absent uncommon or rare.
JRS-10,Human validation,"Two expert coders completed 1032 paired case-target decisions with 981 exact agreements and jointly adjudicated all 51 disagreements.",supported_descriptive,1032,"outputs/human_validation/human_icr_aggregate_summary.csv; outputs/human_validation/HUMAN_ICR_BY_TARGET.md; outputs/human_validation/HUMAN_VALIDATION_PERFORMANCE.md",Reliability and classification performance apply to the validation design and vary by target.,The planned sample excluded short predicted negatives and contained legacy provenance labels; no third adjudicator was used.,Do not present agreement as proof of objective truth corpus validity market prevalence or transaction truth.
