claim_id,draft_wording,denominator_n,evidence_files,boundary
image_frame,"1,037 content-unique linked screenshots in a fixed archive",1037,outputs/image_archive_20261002/flow.json,"Screenshot content; not unique posts, actors or transactions."
ocr_rule_counts,Full-frame OCR rule counts and percentages,1037,outputs/image_archive_20261002/rule_summary.csv,Lexical detections; 13 substantive rules have no human validity assessment.
author_agreement,243/249 exact agreements (97.6%); pooled five-category kappa 0.955; 205 distinct reviewed images,249,outputs/image_validation_20261002/intercoder_agreement.csv,Pre-adjudication agreement on a stratified packet; coding independence author-reported.
bank_drop_sale,Target-specific weighted PPV 80.0% against adjudicated visible-claim labels,213,outputs/image_validation_20261002/rule_validity.csv;docs/IMAGE_ARCHIVE_ANALYSIS_2026-10-02.md,Fixed archive; use exact assessed criterion and report uncertainty; not truth of a claim or external-market performance.
bank_log_plus_email_access,Target-specific weighted PPV 84.2% against adjudicated visible-claim labels,19,outputs/image_validation_20261002/rule_validity.csv;docs/IMAGE_ARCHIVE_ANALYSIS_2026-10-02.md,Fixed archive; use exact assessed criterion and report uncertainty; not truth of a claim or external-market performance.
bank_log_sale,Target-specific weighted PPV 80.9% against adjudicated visible-claim labels,343,outputs/image_validation_20261002/rule_validity.csv;docs/IMAGE_ARCHIVE_ANALYSIS_2026-10-02.md,Fixed archive; use exact assessed criterion and report uncertainty; not truth of a claim or external-market performance.
email_access_takeover,Target-specific weighted PPV 54.6% against adjudicated visible-claim labels,84,outputs/image_validation_20261002/rule_validity.csv;docs/IMAGE_ARCHIVE_ANALYSIS_2026-10-02.md,Fixed archive; use exact assessed criterion and report uncertainty; not truth of a claim or external-market performance.
fullz_identity_package,Target-specific weighted PPV 71.6% against adjudicated visible-claim labels,184,outputs/image_validation_20261002/rule_validity.csv;docs/IMAGE_ARCHIVE_ANALYSIS_2026-10-02.md,Fixed archive; use exact assessed criterion and report uncertainty; not truth of a claim or external-market performance.
sensitivity,"Exact OCR deduplication, length restriction, within-image overlaps, archive-group omission and matched historical-unit diagnostics",1037,outputs/image_archive_20261002/exact_ocr_text_sensitivity.csv;outputs/image_archive_20261002/ocr_length_sensitivity.csv;outputs/image_archive_20261002/within_image_cooccurrence.csv;outputs/image_archive_20261002/leave_one_group_out_ranges.csv;outputs/image_archive_20261002/linked_note_modality_sensitivity.csv,Descriptive robustness to the stated transformations; no time trend or market inference.
